종목코드,종목명,시장,상태및연속일수,연속통과일수,SEPA추천등급,SEPA종합점수(100점만점),RS상대강도(1-99),52주신고가괴리율(%),52주신저가대비상승(%),VCP변동성비율(20d/60d),시가총액,시가총액(원),현재가(원),50일이평,150일이평,200일이평,52주최고가,52주최저가,3개월수익률(%),6개월수익률(%),1년수익률(%),20일평균거래대금(억원)
000500,가온전선,KOSPI,🔥 NEW (1일),1,👑 다이아,93,99,-2.45,965.68,0.98,"9조 4,841억",9484167829500,318000,199132.0,157581.3,130013.1,326000,29840,91.7,400.2,827.5,971.4
010950,S-Oil,KOSPI,🔥 NEW (1일),1,👑 다이아,90,96,-5.67,170.76,1.0,"17조 5,178억",17517882435200,156500,143724.0,124187.3,115348.0,165900,57800,59.4,44.4,157.0,680.8
055550,신한지주,KOSPI,🔥 NEW (1일),1,👑 다이아,90,90,-4.26,62.39,0.81,"51조 3,109억",51310911122700,110100,107414.0,100730.0,95898.5,115000,67800,16.5,22.3,62.4,1235.9
086790,하나금융지주,KOSPI,🔥 NEW (1일),1,👑 다이아,90,90,-4.77,58.41,0.83,36조 660억,36066095021000,133700,132472.0,123430.0,117251.5,140400,84400,17.3,25.5,52.5,1024.8
029460,케이씨,KOSPI,🔥 NEW (1일),1,💎 골드,89,95,-2.36,91.21,0.99,"4,777억원",477740192250,43500,34711.0,33697.7,32260.2,44550,22750,48.5,40.1,91.2,15.0
089860,롯데렌탈,KOSPI,🔥 NEW (1일),1,💎 골드,87,95,-3.5,81.68,0.87,"1조 8,027억",1802761114200,49600,44338.0,35952.0,34782.5,51400,27300,80.4,56.7,65.3,49.3
094800,맵스리얼티,KOSPI,🔥 NEW (1일),1,💎 골드,86,91,-3.51,56.03,0.8,"7,138억원",713896005390,7700,6844.2,6517.1,6226.2,7980,4935,32.3,15.4,54.6,10.5
105560,KB금융,KOSPI,🔥 NEW (1일),1,💎 골드,86,88,-6.5,56.99,0.79,"61조 4,319억",61431915528800,174100,171780.0,162110.0,154500.0,186200,110900,14.6,18.5,48.0,1996.6
161890,한국콜마,KOSPI,🔥 NEW (1일),1,💎 골드,85,96,-9.28,140.1,0.95,"3조 4,699억",3469946319000,146700,127396.0,99079.3,90682.5,161700,61100,69.4,87.6,85.7,463.3
003490,대한항공,KOSPI,🔥 NEW (1일),1,💎 골드,85,86,-0.47,50.0,0.96,"11조 5,989억",11598949183500,31500,27425.0,26328.0,25492.2,31650,21000,8.2,26.8,32.6,867.8
002990,금호건설,KOSPI,🔥 NEW (1일),1,💎 골드,83,98,-24.67,298.17,0.57,"4,847억원",484752261740,13040,12952.2,8112.6,7141.5,17310,3275,155.7,162.4,220.0,1004.7
005930,삼성전자,KOSPI,🔥 NEW (1일),1,💎 골드,83,97,-20.97,290.33,0.54,"1669조 1,125억",1669112542584000,286500,255520.0,252222.7,222494.5,362500,73400,-20.1,51.0,290.3,43819.5
006340,대원전선,KOSPI,🔥 NEW (1일),1,💎 골드,82,98,-25.0,366.55,0.53,1조 578억,1057810471840,13530,13410.0,10621.7,8899.0,18040,2900,36.7,146.9,352.5,379.0
000810,삼성화재,KOSPI,🔥 NEW (1일),1,💎 골드,82,85,-11.23,48.45,0.82,"28조 9,315억",28931562504000,648000,645460.0,579103.3,558865.0,730000,436500,-0.5,34.9,37.0,695.1
078930,GS,KOSPI,🔥 NEW (1일),1,💎 골드,81,96,-14.4,149.1,0.93,"10조 2,835억",10283531296500,110600,106542.0,83244.0,77442.5,129200,44400,72.3,63.4,137.6,509.6
001450,현대해상,KOSPI,🔥 NEW (1일),1,💎 골드,81,93,-11.5,79.02,0.96,4조 535억,4053554287500,47350,45074.0,37363.3,35342.0,53500,26450,31.7,54.0,72.5,237.0
096770,SK이노베이션,KOSPI,🔥 NEW (1일),1,💎 골드,80,92,-3.13,66.15,1.06,"25조 2,226억",25222675969600,148700,126320.0,120284.7,117424.5,153500,89500,57.5,35.1,37.1,1613.5
003690,코리안리,KOSPI,🔥 NEW (1일),1,⭐ 실버,78,84,-5.43,39.87,0.81,"2조 5,924억",2592497524770,14630,14393.0,13480.9,12999.1,15470,10460,15.5,10.4,30.6,34.1
294870,IPARK현대산업개발,KOSPI,🔥 NEW (1일),1,⭐ 실버,78,84,-5.43,36.55,0.81,"1조 5,620억",1562003721000,23500,21935.4,21548.2,21361.5,24850,17210,30.3,7.6,13.8,31.6
007340,DN오토모티브,KOSPI,🔥 NEW (1일),1,⭐ 실버,77,92,-24.04,115.84,0.68,"2조 8,026억",2802670433500,47700,45217.0,40833.7,37031.5,62800,22100,30.0,21.5,79.3,54.4
001820,삼화콘덴서,KOSPI,🔥 NEW (1일),1,⭐ 실버,76,98,-22.72,419.08,0.99,"1조 5,270억",1527025500000,146900,101710.0,89292.3,74773.5,190100,28300,11.4,170.0,361.9,1364.1
192820,코스맥스,KOSPI,🔥 NEW (1일),1,⭐ 실버,76,94,-10.73,86.68,1.08,3조 870억,3087066448000,270500,238254.0,202427.3,196404.0,303000,144900,82.6,39.8,21.6,355.6
006360,GS건설,KOSPI,🔥 NEW (1일),1,⭐ 실버,76,93,-19.37,91.88,0.81,"2조 9,611억",2961119554000,34750,32809.0,30583.2,27778.5,43100,18110,43.0,23.2,80.1,651.0
028050,삼성E&A,KOSPI,🔥 NEW (1일),1,⭐ 실버,76,93,-22.98,113.33,0.83,"9조 6,726억",9672600000000,49600,47079.0,45659.0,40931.2,64400,23250,14.8,46.7,71.6,874.3
317400,자이에스앤디,KOSPI,🔥 NEW (1일),1,⭐ 실버,75,98,-14.69,221.5,1.03,"3,792억원",379293045600,9870,8948.6,5828.5,5436.2,11570,3070,192.0,130.9,178.8,121.3
453340,현대그린푸드,KOSPI,🔥 NEW (1일),1,⭐ 실버,74,84,-1.28,30.14,0.91,"6,280억원",628000492580,19300,18595.4,17326.6,16878.3,19550,14830,17.7,22.0,22.2,6.6
013700,까뮤이앤씨,KOSPI,🔥 NEW (1일),1,⭐ 실버,73,90,-14.12,58.01,0.94,938억원,93868553930,1588,1572.3,1379.6,1340.3,1849,1005,39.5,26.0,38.0,11.2
005830,DB손해보험,KOSPI,🔥 NEW (1일),1,⭐ 실버,72,89,-10.46,54.23,1.03,12조 913억,12091364425400,184000,175682.0,167930.7,158959.0,205500,119300,35.3,0.2,26.6,458.3
316140,우리금융지주,KOSPI,🔥 NEW (1일),1,⭐ 실버,72,87,-12.99,42.86,0.93,26조 454억,26045404789950,35500,33435.0,32905.7,31949.0,40800,24850,22.2,9.9,39.5,1129.9
021240,코웨이,KOSPI,🔥 NEW (1일),1,⭐ 실버,72,81,-8.03,40.62,0.93,7조 625억,7062589114800,99700,96572.0,88553.3,87309.5,108400,70900,14.6,37.9,-0.1,200.9
044820,코스맥스비티아이,KOSPI,🔥 NEW (1일),1,⭐ 실버,71,94,-7.86,114.46,1.03,"2,511억원",251142534150,25800,22967.6,19109.3,17654.2,28000,12030,55.5,61.8,39.8,7.5
088350,한화생명,KOSPI,🔥 NEW (1일),1,⭐ 실버,71,91,-13.94,93.2,1.08,"4조 8,985억",4898509200000,5680,5180.2,4995.0,4571.6,6600,2940,21.1,17.2,71.1,296.5
090430,아모레퍼시픽,KOSPI,🔥 NEW (1일),1,⭐ 실버,71,87,-13.87,47.82,0.91,"8조 3,352억",8335218157500,142200,135282.0,129926.0,129354.5,165100,96200,45.5,4.8,18.6,326.2
020120,키다리스튜디오,KOSPI,🔥 NEW (1일),1,⭐ 실버,70,97,-14.05,178.46,1.86,"2,946억원",294656939700,7950,5329.5,4112.3,3926.9,9250,2855,163.7,148.0,106.0,51.5
175330,JB금융지주,KOSPI,🔥 NEW (1일),1,⚪ 일반,66,85,-19.33,37.81,0.95,"5조 6,236억",5623632993600,30250,28793.0,28401.0,27642.8,37500,21950,27.6,4.5,21.7,156.5
443060,HD현대마린솔루션,KOSPI,🔥 NEW (1일),1,⚪ 일반,66,82,-14.44,50.85,0.97,"10조 7,151억",10715196940000,240000,208698.0,208354.7,203297.0,280500,159100,6.0,33.5,9.3,268.4
180640,한진칼,KOSPI,🔥 NEW (1일),1,⚪ 일반,63,84,-18.79,49.63,0.96,"9조 3,533억",9353394727500,140500,124358.0,122046.7,121018.0,173000,93900,16.2,15.8,26.3,116.4
000370,한화손해보험,KOSPI,🔥 NEW (1일),1,⚪ 일반,62,89,-17.31,50.78,1.17,"8,883억원",888383143150,7690,7037.6,6803.3,6520.4,9300,5100,28.4,13.9,34.0,72.1
004770,써니전자,KOSPI,🔥 NEW (1일),1,⚪ 일반,62,88,-15.58,41.4,1.93,711억원,71192413190,2005,1841.6,1720.3,1686.5,2375,1418,28.4,25.0,22.3,93.9
280360,롯데웰푸드,KOSPI,🔥 NEW (1일),1,⚪ 일반,56,83,-15.88,36.02,1.16,"1조 1,441억",1144128548200,125000,122980.0,116452.0,116410.5,148600,91900,34.7,11.3,10.8,44.4
