code,name,market,industry,marcap,close,ma50,ma150,ma200,ma200_slope_pct,52w_high,52w_low,pct_from_52w_high,pct_above_52w_low,roc_3m,roc_6m,roc_12m,ibd_raw_score,avg_volume_20d,avg_trading_val_20d,vcp_ratio,passed_trend_template,rs_rating,sepa_score,sepa_grade,consecutive_days,status_label
HZO,MarineMax Inc,NYSE,오락용 제품,1156903179.0,52.38,47.03,36.47,34.13,9.24,52.56,21.43,-0.34,144.42,43.0,102.6,99.8,0.8050616798368971,801672,41915083.0,0.13,True,95,99,👑 다이아,11,🟢 11일 연속
ARX,Accelerant Holdings,NYSE,온라인 서비스,4292731730.0,19.76,17.27,14.65,14.53,4.17,19.88,9.36,-0.58,111.16,68.6,48.5,33.4,0.4777328425856361,1697687,33547538.0,0.17,True,90,95,👑 다이아,3,🟢 3일 연속
AGEN,Agenus Inc,NASDAQ,생명 공학 및 의학 연구,399267982.0,8.84,7.42,4.87,4.49,8.6,8.84,2.77,0.0,219.13,188.9,172.8,123.8,1.6829685475632652,914055,7114914.0,0.73,True,98,94,👑 다이아,11,🟢 11일 연속
AMD,Advanced Micro Devices  Inc.,NASDAQ,반도체,981607732497.0,601.58,506.83,415.76,366.65,9.27,630.63,159.46,-4.61,277.26,3.6,206.9,277.3,1.3421292397059639,21405463,11649942113.0,0.83,True,98,94,👑 다이아,10,🟢 10일 연속
ASX,ASE Technology Holding Co.  Ltd. ADR,NYSE,반도체 장비 및 테스트,94494096113.0,42.91,38.46,33.84,30.08,9.25,45.2,11.08,-5.07,287.27,-4.9,105.4,284.2,1.1054630948501911,6407213,257200058.0,0.81,True,97,94,👑 다이아,8,🟢 8일 연속
FTNT,Fortinet  Inc.,NASDAQ,소프트웨어,128909820264.0,175.81,161.85,128.69,116.64,7.89,178.74,75.23,-1.64,133.7,14.4,122.4,108.5,0.7507108431998029,4301291,720442147.0,0.98,True,95,93,👑 다이아,11,🟢 11일 연속
SMTI,Sanara Medtech Inc,NASDAQ,제약,322500029.0,35.1,33.27,24.91,24.31,6.06,35.28,16.34,-0.51,114.81,48.8,103.0,10.2,0.5114336640864415,211329,7384259.0,0.33,True,91,93,👑 다이아,11,🟢 11일 연속
ABCL,AbCellera Biologics Inc.,NASDAQ,생명 공학 및 의학 연구,4194576601.0,12.94,9.83,6.47,5.76,16.58,12.94,2.78,0.0,365.29,64.8,294.4,172.9,1.716234226248266,4047000,48007506.0,0.91,True,98,92,👑 다이아,11,🟢 11일 연속
PSNL,Personalis  Inc.,NASDAQ,생명 공학 및 의학 연구,1736565919.0,16.25,15.12,10.91,10.38,7.5,18.38,5.04,-11.59,222.42,21.3,160.4,169.0,0.9432503491322388,2267844,37429580.0,0.59,True,97,92,👑 다이아,11,🟢 11일 연속
CRSR,Corsair Gaming Inc,NASDAQ,컴퓨터 하드웨어,1457143638.0,13.46,12.05,8.93,8.12,9.09,14.35,4.58,-6.2,193.89,39.2,152.1,58.9,0.8200324621257198,1048882,13607855.0,0.83,True,96,92,👑 다이아,11,🟢 11일 연속
ALNT,Allient Inc,NASDAQ,전기 부품 및 장비,1938966354.0,114.04,98.04,82.66,77.08,6.45,116.01,42.07,-1.7,171.07,10.8,91.6,160.4,0.7576156595015585,216013,21546684.0,0.92,True,95,92,👑 다이아,9,🟢 9일 연속
ATKR,Atkore Inc.,NYSE,전기 부품 및 장비,3194425069.0,94.58,89.91,77.29,74.79,4.13,94.58,55.3,0.0,71.03,24.4,62.6,55.7,0.4253869529083552,744460,70094565.0,0.16,True,88,92,👑 다이아,11,🟢 11일 연속
ITGR,Integer Holdings Corp,NYSE,첨단 의료 장비 및 기술,4293901082.0,126.3,120.62,99.28,95.03,6.28,126.5,63.32,-0.16,99.47,35.2,48.3,24.4,0.4063517550398736,770813,97162937.0,0.19,True,88,92,👑 다이아,11,🟢 11일 연속
FET,Forum Energy Technologies Inc,NYSE,오일 관련 서비스 및 장비,972055399.0,84.73,75.42,62.28,57.3,9.63,86.31,25.26,-1.83,235.42,68.7,48.2,194.5,1.0212275206715988,186904,15263148.0,0.9,True,97,91,👑 다이아,11,🟢 11일 연속
BZH,Beazer Homes USA  Inc.,NYSE,주택 건설,891099408.0,33.4,33.16,27.04,26.1,4.59,34.07,18.03,-1.97,85.25,19.1,77.9,36.4,0.4343324039125739,669880,22298535.0,0.16,True,89,91,👑 다이아,11,🟢 11일 연속
ADPT,Adaptive Biotechnologies Corporation,NASDAQ,생명 공학 및 의학 연구,4540501705.0,28.45,25.1,18.93,18.4,5.62,29.57,12.41,-3.79,129.25,32.6,121.4,115.2,0.7444647123488686,2180556,58593323.0,0.98,True,95,90,👑 다이아,11,🟢 11일 연속
DDOG,Datadog Inc,NASDAQ,소프트웨어,97016685359.0,269.89,242.93,199.77,182.3,3.83,288.15,102.61,-6.34,163.01,3.7,133.0,94.1,0.6591219743635621,3620528,838957273.0,0.84,True,94,90,👑 다이아,6,🟢 6일 연속
SAFT,Safety Insurance Group Inc,NASDAQ,손해보험,1520897935.0,103.6,101.0,82.74,81.51,3.48,103.79,67.37,-0.18,53.78,38.4,39.8,45.5,0.3884888452815483,124340,12860303.0,0.21,True,87,90,👑 다이아,11,🟢 11일 연속
PGEN,Precigen  Inc.,NASDAQ,제약,2737179463.0,7.63,6.79,5.08,4.91,7.27,7.89,3.1,-3.29,146.15,33.9,134.8,117.4,0.8066801959252508,4177329,30968435.0,0.99,True,96,89,💎 골드,11,🟢 11일 연속
FEIM,Frequency Electronics Inc,NASDAQ,전기 부품 및 장비,967473490.0,85.82,71.66,62.58,59.85,8.52,89.0,27.07,-3.57,217.03,29.3,100.0,185.0,0.7924348783339338,373399,30092313.0,0.95,True,95,89,💎 골드,11,🟢 11일 연속
AVT,Avnet Inc,NASDAQ,전자 장비 및 부품,8260645336.0,100.65,92.55,82.15,75.42,6.73,103.08,44.37,-2.36,126.84,13.3,71.8,93.8,0.5929536786373748,1289975,122526210.0,1.0,True,93,89,💎 골드,11,🟢 11일 연속
CRL,Charles River Laboratories International  Inc.,NYSE,생명 공학 및 의학 연구,13944047122.0,292.09,270.4,210.81,208.02,5.51,298.58,146.99,-2.17,98.71,28.8,82.9,96.6,0.5609943262159909,937665,264365581.0,0.97,True,92,89,💎 골드,11,🟢 11일 연속
ARW,Arrow Electronics  Inc.,NYSE,반도체,11618144691.0,228.23,213.92,194.92,177.82,6.53,234.83,101.87,-2.81,124.04,6.9,67.5,88.7,0.5427424886184176,522264,113289028.0,0.94,True,91,89,💎 골드,11,🟢 11일 연속
HUM,Humana Inc.,NYSE,의료 관리,47915645301.0,399.03,386.72,308.77,290.95,5.51,409.8,163.67,-2.63,143.8,0.5,140.4,56.5,0.5039414564319268,955046,374935502.0,0.96,True,90,89,💎 골드,2,🟢 2일 연속
ANET,Arista Networks  Inc.,NYSE,통신 및 네트워킹,258355563020.0,204.52,190.95,165.35,157.41,4.62,210.5,116.13,-2.84,76.11,20.4,76.1,43.5,0.4310899116368868,4678417,921712811.0,0.8,True,89,89,💎 골드,11,🟢 11일 연속
MSGS,Madison Square Garden Sports Corp.,NYSE,엔터테인먼트 제작,9893966158.0,411.15,396.91,364.7,341.78,5.35,414.12,212.91,-0.72,93.11,2.3,31.5,83.9,0.35620678195980526,279037,109951906.0,0.84,True,85,89,💎 골드,3,🟢 3일 연속
CDNA,CareDx  Inc.,NASDAQ,생명 공학 및 의학 연구,3309955588.0,63.98,48.04,30.55,27.84,14.96,63.98,14.28,0.0,348.04,124.5,289.4,328.5,2.1907292655598662,1226344,66574083.0,1.11,True,99,88,💎 골드,11,🟢 11일 연속
MRNA,Moderna  Inc.,NASDAQ,제약,77880941047.0,194.87,112.77,73.83,65.09,25.74,198.88,22.36,-2.02,771.51,178.3,304.0,695.7,3.7617437125092366,14926376,2393133433.0,1.13,True,99,88,💎 골드,11,🟢 11일 연속
IOVA,Iovance Biotherapeutics Inc,NASDAQ,생명 공학 및 의학 연구,4880767180.0,10.77,7.53,5.12,4.49,18.76,11.0,1.81,-2.09,495.03,158.9,224.4,410.4,2.461014932233555,13490310,128568642.0,1.01,True,99,88,💎 골드,11,🟢 11일 연속
CRWD,CrowdStrike Holdings  Inc.,NASDAQ,소프트웨어,264113753145.0,258.3,213.74,163.36,150.76,7.32,262.49,87.56,-1.59,194.99,35.4,171.9,114.6,0.9439587396948012,11708543,2732260583.0,1.09,True,97,88,💎 골드,11,🟢 11일 연속
NTRA,Natera  Inc.,NASDAQ,의료 시설 및 서비스,59153163764.0,410.67,319.29,251.17,245.44,5.49,412.56,160.21,-0.46,156.33,51.3,119.8,152.0,0.9001182887992007,1437556,518465715.0,1.01,True,96,88,💎 골드,11,🟢 11일 연속
GH,Guardant Health  Inc.,NASDAQ,"의료 장비, 물품 및 유통",23864775892.0,177.83,163.19,127.83,122.43,5.78,183.1,60.03,-2.88,196.24,18.5,106.3,196.2,0.8245556196399745,1808054,308140577.0,1.01,True,96,88,💎 골드,11,🟢 11일 연속
INSW,International Seaways  Inc.,NYSE,오일 및 가스 수송 서비스,5386777728.0,108.68,98.71,85.63,78.1,7.15,111.15,43.29,-2.22,151.05,41.9,53.2,130.2,0.782145722042854,779034,82132381.0,1.08,True,95,88,💎 골드,11,🟢 11일 연속
PANW,Palo Alto Networks  Inc.,NASDAQ,소프트웨어,315967960200.0,386.43,357.08,268.76,246.19,7.23,396.0,141.67,-2.42,172.77,13.3,150.4,91.0,0.7459937978624677,6913940,2493671157.0,1.04,True,95,88,💎 골드,11,🟢 11일 연속
BLFS,BioLife Solutions  Inc.,NASDAQ,"의료 장비, 물품 및 유통",1912168470.0,39.08,34.88,27.03,26.28,4.41,39.08,18.15,0.0,115.34,38.4,108.1,58.2,0.6002660021761064,888501,32404339.0,0.91,True,93,88,💎 골드,11,🟢 11일 연속
TBBB,BBB Foods Inc.,NYSE,식품 소매 및 유통,6506571586.0,53.69,47.04,40.69,39.25,5.33,53.69,24.12,0.0,122.6,28.8,56.3,104.5,0.5499604165403741,569524,29241019.0,0.88,True,92,88,💎 골드,11,🟢 11일 연속
AMN,AMN Healthcare Services  Inc.,NYSE,의료 시설 및 서비스,1330762491.0,34.36,34.07,28.08,25.52,7.41,36.6,15.1,-6.12,127.55,6.1,83.4,82.1,0.5824969584945713,570069,19417197.0,0.74,True,92,88,💎 골드,3,🟢 3일 연속
IMAX,IMAX Corporation,NYSE,엔터테인먼트 제작,3082675228.0,56.21,50.65,42.57,41.02,4.27,56.21,31.09,0.0,80.8,41.0,49.7,72.4,0.5066624133541257,888359,46996997.0,0.89,True,91,88,💎 골드,11,🟢 11일 연속
OGN,Organon & Co.,NYSE,제약,3605653776.0,13.73,13.66,11.71,10.76,6.21,13.78,5.7,-0.33,140.96,1.4,141.0,34.5,0.5393310007821124,2682471,36786100.0,1.0,True,91,88,💎 골드,11,🟢 11일 연속
BRKR,Bruker Corporation,NASDAQ,첨단 의료 장비 및 기술,9642821110.0,63.26,58.58,49.89,48.95,2.79,64.34,30.88,-1.67,104.87,5.1,84.4,103.8,0.4604166173018441,2172495,127735347.0,0.97,True,90,88,💎 골드,9,🟢 9일 연속
DRTS,Alpha Tau Medical Ltd,NASDAQ,첨단 의료 장비 및 기술,1371451024.0,14.84,13.99,10.68,9.61,12.77,15.5,3.47,-4.26,327.67,18.0,126.6,261.1,1.2290917699270496,632429,9250844.0,0.91,True,98,87,💎 골드,11,🟢 11일 연속
P,Everpure Inc,NYSE,컴퓨터 하드웨어,42508267565.0,127.12,97.18,79.66,77.38,2.98,127.12,56.99,0.0,123.07,61.3,123.1,54.3,0.7670622059017513,7264147,769568170.0,1.09,True,95,87,💎 골드,11,🟢 11일 연속
SOPH,SOPHiA GENETICS SA,NASDAQ,첨단 의료 장비 및 기술,725289069.0,8.52,7.53,5.87,5.63,6.75,8.92,3.89,-4.48,119.02,47.7,81.7,106.3,0.7268120500790678,680257,5544988.0,0.94,True,95,87,💎 골드,11,🟢 11일 연속
PRLB,Proto Labs  Inc.,NYSE,산업용 기계 및 장비,2295066798.0,95.94,83.13,73.04,68.79,5.32,96.25,46.81,-0.32,104.96,17.7,73.2,90.4,0.5621052317418463,214696,18320662.0,0.92,True,92,87,💎 골드,9,🟢 9일 연속
RDVT,Red Violet Inc,NASDAQ,소프트웨어,1263378342.0,78.64,71.14,55.65,54.04,3.99,79.06,34.4,-0.52,128.62,23.4,128.6,51.0,0.5377944351223267,217287,16427667.0,0.96,True,91,87,💎 골드,11,🟢 11일 연속
GSAT,Globalstar  Inc.,NASDAQ,무선 통신 서비스,10701936014.0,82.58,81.95,77.49,73.68,2.79,84.43,34.19,-2.19,141.53,1.6,33.6,141.5,0.4191929169024013,537218,44167518.0,0.78,True,88,87,💎 골드,11,🟢 11일 연속
ANL,Adlai Nortye Group Ltd ADR,NASDAQ,생명 공학 및 의학 연구,1014911487.0,15.76,14.07,11.94,10.06,15.93,16.6,0.88,-5.06,1690.91,37.0,138.4,816.3,3.779536570801154,162171,2473800.0,1.0,True,99,86,💎 골드,11,🟢 11일 연속
RVMD,Revolution Medicines  Inc.,NASDAQ,생명 공학 및 의학 연구,43478142391.0,203.01,200.68,159.26,143.4,9.9,221.15,43.92,-8.2,362.22,8.4,119.0,362.2,1.2987512179502672,1973492,395009790.0,0.96,True,98,86,💎 골드,3,🟢 3일 연속
PUBM,PubMatic  Inc.,NASDAQ,소프트웨어,832199614.0,18.27,15.91,12.08,11.03,7.78,18.6,6.28,-1.77,190.92,39.3,125.0,117.8,0.8494349615820014,679287,11765709.0,1.01,True,96,86,💎 골드,11,🟢 11일 연속
HNGE,Hinge Health  Inc.,NYSE,소프트웨어,7461546448.0,92.38,87.31,65.99,60.21,8.37,95.57,31.17,-3.34,196.37,11.3,151.2,90.6,0.7175836468309332,1838088,170185786.0,0.95,True,94,86,💎 골드,11,🟢 11일 연속
CYRX,Cryoport  Inc.,NASDAQ,"배달, 우편, 항공 화물 및 육상 물류",877394359.0,17.32,15.94,13.3,12.38,6.22,17.62,7.72,-1.69,124.39,10.3,119.6,88.3,0.6157043423090717,548883,9052096.0,0.86,True,93,86,💎 골드,11,🟢 11일 연속
HAE,Haemonetics Corp,NYSE,"의료 장비, 물품 및 유통",4778327781.0,105.03,96.7,75.3,74.59,3.67,108.8,48.12,-3.47,118.26,40.0,91.2,118.0,0.6402356767087332,573448,60238006.0,0.91,True,93,86,💎 골드,4,🟢 4일 연속
XMTR,Xometry  Inc.,NASDAQ,IT 서비스 및 컨설팅,5717453171.0,99.74,91.36,74.7,71.51,5.17,105.13,36.1,-5.13,176.29,3.3,166.6,78.6,0.6217262890944811,772664,73355558.0,0.94,True,93,86,💎 골드,9,🟢 9일 연속
MG,Mistras Group Inc,NYSE,통합 오일 및 가스,677351084.0,21.26,18.2,17.29,16.41,5.13,21.52,9.39,-1.21,126.41,21.7,45.6,119.6,0.5403667295854613,478503,9748943.0,0.88,True,91,86,💎 골드,11,🟢 11일 연속
KELYA,Kelly Services Inc Class A,NASDAQ,고용 서비스,517749306.0,16.47,16.1,12.33,11.65,7.22,17.28,8.08,-4.69,103.84,34.1,83.8,25.3,0.5373792966929619,280591,4607039.0,0.78,True,91,86,💎 골드,11,🟢 11일 연속
CHEF,The Chefs' Warehouse  Inc.,NASDAQ,식품 소매 및 유통,4432086457.0,108.64,108.55,86.95,81.23,6.7,115.52,54.6,-5.96,98.97,13.0,84.5,85.6,0.5344567222951324,651367,72259706.0,0.95,True,91,86,💎 골드,11,🟢 11일 연속
MATX,Matson Inc,NYSE,해양 화물 및 물류,6683273346.0,223.49,219.11,192.73,180.46,7.03,238.6,88.05,-6.33,153.83,16.3,42.0,117.4,0.5415191204287069,299247,68458868.0,0.94,True,91,86,💎 골드,11,🟢 11일 연속
ZBRA,Zebra Technologies Corp,NASDAQ,전자 장비 및 부품,17275960606.0,365.16,341.67,269.58,265.03,4.13,383.06,199.3,-4.67,83.22,38.7,83.2,21.8,0.46144981272416785,550610,194322522.0,0.89,True,90,86,💎 골드,11,🟢 11일 연속
CVE,Cenovus Energy Incorporation,NYSE,"오일, 가스 탐사 및 생산",58200229480.0,31.61,31.07,28.01,25.69,5.97,33.92,15.85,-6.81,99.43,27.4,19.0,77.9,0.48167526393225113,6381644,207281736.0,0.97,True,90,86,💎 골드,1,🔥 NEW (1일)
IBTA,Ibotta  Inc.,NYSE,온라인 서비스,965477815.0,41.67,36.14,32.85,30.1,5.48,42.4,19.25,-1.72,116.47,22.0,42.1,53.5,0.4542827005150851,195696,7862275.0,0.75,True,89,86,💎 골드,11,🟢 11일 연속
MU,Micron Technology  Inc.,NASDAQ,반도체,1176262966767.0,1040.75,945.45,770.72,665.04,13.02,1213.56,157.27,-14.24,561.76,-9.8,223.4,561.8,2.061887191076789,24353039,24349397980.0,0.73,True,99,85,💎 골드,10,🟢 10일 연속
RNG,RingCentral Inc,NYSE,소프트웨어,6384881147.0,76.39,64.95,48.14,43.27,11.8,79.82,24.82,-4.29,207.8,96.0,110.9,148.8,1.2203473563856084,1557733,115325292.0,1.06,True,98,85,💎 골드,11,🟢 11일 연속
ETON,Eton Pharmaceuticals Inc,NASDAQ,제약,1680831254.0,58.68,53.68,36.45,31.35,15.24,64.43,14.35,-8.92,308.92,62.1,159.9,175.9,1.4172390246706534,467219,27146278.0,0.93,True,98,85,💎 골드,11,🟢 11일 연속
BFLY,Butterfly Network  Inc.,NYSE,첨단 의료 장비 및 기술,2399229499.0,9.02,8.19,6.15,5.55,10.68,9.93,1.9,-9.21,374.47,7.1,135.4,348.5,1.2643499346834535,5359504,44831798.0,0.95,True,98,85,💎 골드,6,🟢 6일 연속
LITE,Lumentum Holdings Inc.,NASDAQ,통신 및 네트워킹,79431144000.0,885.01,862.11,835.55,731.85,9.34,1053.09,149.61,-15.96,491.54,3.1,35.2,450.6,1.2369400708369682,4322138,3965842071.0,0.84,True,98,85,💎 골드,11,🟢 11일 연속
OKTA,Okta  Inc.,NASDAQ,IT 서비스 및 컨설팅,34878523345.0,199.5,159.2,117.0,109.73,10.03,206.64,62.93,-3.46,217.02,46.2,164.3,118.8,1.0014962352795442,4010825,737662334.0,1.13,True,97,85,💎 골드,11,🟢 11일 연속
PBF,PBF Energy Inc.,NYSE,"오일, 가스 정제 및 마케팅",8828624514.0,74.61,70.5,52.64,47.29,9.01,78.3,26.02,-4.71,186.74,63.9,48.4,128.7,0.9804233513976187,3941254,293096851.0,1.06,True,97,85,💎 골드,11,🟢 11일 연속
TWLO,Twilio Inc.,NYSE,소프트웨어,43534735490.0,282.41,228.91,188.07,172.87,7.67,299.66,100.09,-5.76,182.16,36.9,133.4,176.0,0.9683992455818349,2294823,590167984.0,1.09,True,97,85,💎 골드,11,🟢 11일 연속
UMC,United Microelectronics Corp ADR,NYSE,반도체,58973470259.0,23.49,20.58,17.51,15.46,10.9,28.01,7.02,-16.15,234.54,-13.7,172.8,211.5,1.099374378223665,11071736,252412197.0,0.81,True,97,85,💎 골드,11,🟢 11일 연속
TH,Target Hospitality Corp.,NASDAQ,"호텔, 모텔 및 크루즈 라인",1979517415.0,19.85,17.84,15.77,13.76,9.94,21.45,6.22,-7.46,219.13,-2.5,114.6,123.5,0.7344020334049787,2268333,45011712.0,0.95,True,95,85,💎 골드,11,🟢 11일 연속
MAN,ManpowerGroup Inc.,NYSE,고용 서비스,2668257079.0,57.38,57.3,39.79,37.54,8.76,62.95,25.75,-8.86,122.82,69.9,93.0,48.7,0.747607716793578,754917,44079349.0,0.92,True,95,85,💎 골드,2,🟢 2일 연속
MASS,908 Devices Inc.,NASDAQ,첨단 의료 장비 및 기술,472237580.0,11.43,9.58,8.11,7.6,6.09,11.52,5.09,-0.82,124.46,31.3,98.7,42.6,0.6303131065557799,342413,3591135.0,0.99,True,93,85,💎 골드,11,🟢 11일 연속
PBYI,Puma Biotechnology Inc,NASDAQ,제약,499682239.0,9.68,8.9,7.74,7.39,6.29,9.82,4.73,-1.43,104.65,19.4,57.9,100.0,0.5075448536998345,298958,2819758.0,0.99,True,91,85,💎 골드,11,🟢 11일 연속
OPRT,Oportun Financial Corp,NASDAQ,소비자 대출,382154072.0,8.31,7.24,5.93,5.78,5.4,8.55,4.13,-2.81,101.21,45.5,87.6,30.0,0.5268971058751956,570127,4591928.0,0.95,True,91,85,💎 골드,11,🟢 11일 연속
PRCH,Porch Group  Inc.,NASDAQ,소프트웨어,1913944435.0,16.86,15.9,11.85,11.03,6.88,18.06,6.4,-6.62,163.52,12.1,144.4,-1.3,0.5124602196639721,1497989,24949166.0,0.98,True,91,85,💎 골드,11,🟢 11일 연속
CON,Concentra Group Holdings Parent Inc,NYSE,의료 시설 및 서비스,4446465832.0,35.12,33.84,27.98,26.32,6.01,36.37,18.71,-3.42,87.73,18.1,66.9,68.7,0.4941379890678232,933483,32684733.0,0.94,True,90,85,💎 골드,11,🟢 11일 연속
VTRS,Viatris Inc.,NASDAQ,제약,20468118915.0,17.83,16.89,15.81,15.19,4.25,17.86,9.52,-0.2,87.24,12.2,37.5,87.2,0.38791132137256035,8160737,138152035.0,0.89,True,87,85,💎 골드,9,🟢 9일 연속
DXPE,DXP Enterprises  Inc.,NASDAQ,산업용 기계 및 장비,2978361387.0,191.94,182.95,163.21,153.65,6.45,200.84,85.53,-4.43,124.41,13.7,41.4,57.4,0.3840655517877604,111967,20859659.0,0.73,True,87,85,💎 골드,11,🟢 11일 연속
ACA,Arcosa  Inc.,NYSE,건설 및 엔지니어링,7195375189.0,146.51,145.36,130.26,126.48,3.44,146.62,89.15,-0.08,64.34,0.8,43.5,58.2,0.27245346223573413,682269,99421465.0,0.78,True,80,85,💎 골드,8,🟢 8일 연속
TXG,10x Genomics  Inc.,NASDAQ,"의료 장비, 물품 및 유통",11230447226.0,85.94,61.21,38.07,33.25,19.62,85.94,11.34,0.0,657.85,124.2,333.8,633.3,3.273133597429865,2747506,200487881.0,1.24,True,99,84,💎 골드,11,🟢 11일 연속
KOD,Kodiak Sciences Inc.,NASDAQ,생명 공학 및 의학 연구,5080121609.0,81.24,39.22,37.0,34.17,4.47,81.24,11.6,0.0,600.31,108.5,141.3,414.2,1.888618990100904,1962625,119919877.0,1.35,True,99,84,💎 골드,1,🔥 NEW (1일)
TWST,Twist Bioscience Corporation,NASDAQ,제약,11944126296.0,179.81,128.0,85.09,73.91,18.82,184.03,25.45,-2.29,606.54,74.8,315.7,568.2,2.9549692014410365,1942704,294925651.0,1.16,True,99,84,💎 골드,11,🟢 11일 연속
RCEL,AVITA Medical Inc,NASDAQ,생명 공학 및 의학 연구,357452498.0,11.56,8.55,5.79,5.29,15.27,11.84,3.27,-2.38,253.46,179.9,218.4,122.3,1.872738356959174,289606,3139134.0,1.03,True,99,84,💎 골드,11,🟢 11일 연속
OMER,Omeros Corporation,NASDAQ,생명 공학 및 의학 연구,1422430409.0,19.65,16.22,13.05,12.82,8.2,21.05,4.1,-6.65,379.27,106.6,100.3,340.6,1.3584350061432744,1508588,28549479.0,1.04,True,98,84,💎 골드,11,🟢 11일 연속
ILMN,Illumina Inc,NASDAQ,첨단 의료 장비 및 기술,40662035000.0,269.29,212.45,168.03,159.97,6.98,273.9,91.0,-1.68,195.92,53.2,122.9,193.7,1.0448722402975041,3933094,930959620.0,1.2,True,97,84,💎 골드,11,🟢 11일 연속
NEO,NeoGenomics  Inc.,NASDAQ,의료 시설 및 서비스,2461589430.0,19.16,16.87,12.26,12.2,6.22,19.91,7.19,-3.79,166.41,31.3,166.0,141.6,0.8523104685902991,1918784,35777507.0,1.02,True,96,84,💎 골드,3,🟢 3일 연속
IRDM,Iridium Communications Inc.,NASDAQ,무선 통신 서비스,5123148224.0,48.33,47.77,42.02,36.4,9.24,55.72,15.84,-13.26,205.11,-11.9,80.3,173.8,0.8222883115477919,1007918,47694902.0,0.71,True,96,84,💎 골드,6,🟢 6일 연속
NEOG,Neogen Corporation,NASDAQ,"의료 장비, 물품 및 유통",2945521598.0,13.51,11.69,10.15,9.88,7.02,13.98,5.41,-3.4,149.63,50.2,51.6,138.2,0.7592211594413638,3166990,40383071.0,1.03,True,95,84,💎 골드,11,🟢 11일 연속
NAT,Nordic American Tankers Ltd,NYSE,오일 및 가스 수송 서비스,1676006498.0,7.91,6.95,6.09,5.55,7.37,8.25,3.08,-4.18,156.66,42.7,38.4,147.0,0.8026362629379469,4946811,37399643.0,1.07,True,95,84,💎 골드,11,🟢 11일 연속
LPG,Dorian LPG Ltd.,NYSE,오일 및 가스 수송 서비스,2377433583.0,55.57,49.72,41.9,38.5,8.25,58.31,23.93,-4.7,132.22,59.8,67.4,78.1,0.7861191879731048,610346,33372464.0,1.04,True,95,84,💎 골드,11,🟢 11일 연속
NET,Cloudflare  Inc.,NYSE,IT 서비스 및 컨설팅,125701480591.0,353.23,301.24,246.88,232.31,5.28,358.82,160.19,-1.56,120.51,44.0,81.5,63.3,0.6146286483492073,3136721,1006792121.0,1.07,True,93,84,💎 골드,11,🟢 11일 연속
NTAP,NetApp Inc,NASDAQ,컴퓨터 하드웨어,39816096504.0,202.72,188.25,147.4,136.79,6.24,207.08,94.11,-2.11,115.41,31.0,100.4,69.1,0.6297570072498198,2518913,479543313.0,1.08,True,93,84,💎 골드,11,🟢 11일 연속
RBRK,Rubrik  Inc.,NYSE,소프트웨어,23265776516.0,112.11,92.9,72.71,71.23,4.05,115.57,43.81,-2.99,155.9,39.6,146.0,36.5,0.6085105052369079,3287622,329297360.0,1.02,True,93,84,💎 골드,7,🟢 7일 연속
HALO,Halozyme Therapeutics  Inc.,NASDAQ,제약,12751500300.0,112.35,100.43,79.32,77.38,5.64,115.22,61.63,-2.49,82.3,43.5,80.8,52.3,0.5667722104238495,2179353,242373270.0,1.02,True,92,84,💎 골드,11,🟢 11일 연속
MLAB,Mesa Laboratories  Inc.,NASDAQ,"의료 장비, 물품 및 유통",740501345.0,132.33,116.5,103.05,98.44,5.55,137.5,64.07,-3.76,106.54,32.9,55.6,105.1,0.5819759241482791,128278,16423861.0,0.96,True,92,84,💎 골드,11,🟢 11일 연속
MTRN,Materion Corporation,NYSE,다각적 채굴,5434685504.0,260.86,248.84,215.38,196.3,7.07,297.39,111.5,-12.28,133.96,-12.3,89.8,118.4,0.5721089317013218,238267,59213818.0,0.68,True,92,84,💎 골드,9,🟢 9일 연속
CNK,Cinemark Holdings Inc,NYSE,여가 및 오락시설,4439424047.0,38.3,35.88,31.35,29.53,2.82,38.4,21.93,-0.26,74.65,20.7,37.8,33.9,0.3612786517120725,2177049,77237194.0,0.94,True,86,84,💎 골드,6,🟢 6일 연속
DSGR,Distribution Solutions Group  Inc.,NASDAQ,산업용 기계 및 장비,1618245939.0,34.99,34.76,29.6,29.54,2.66,34.99,19.31,0.0,81.18,27.9,36.2,20.8,0.26918027767671243,214076,7449279.0,0.3,True,80,84,💎 골드,11,🟢 11일 연속
QMCO,Quantum Corp,NASDAQ,컴퓨터 하드웨어,1248508832.0,31.62,20.09,12.39,11.03,18.88,31.68,4.31,-0.17,633.76,187.5,633.8,233.6,3.193475908754448,1549535,41214918.0,1.26,True,99,83,💎 골드,11,🟢 11일 연속
MRVI,Maravai LifeSciences Holdings Inc,NASDAQ,생명 공학 및 의학 연구,1963132605.0,7.56,7.02,5.2,4.77,8.3,9.0,2.82,-16.0,168.09,21.2,162.5,168.1,1.008170915586356,2560890,18374016.0,0.84,True,97,83,💎 골드,8,🟢 8일 연속
STLN,Starling Oncology  Inc.,NASDAQ,의료 시설 및 서비스,677742165.0,6.65,6.03,4.72,4.36,7.81,7.05,2.38,-5.67,178.83,22.5,135.0,87.9,0.7009266270085387,1295056,8437633.0,0.92,True,94,83,💎 골드,11,🟢 11일 연속
BVS,Bioventus Inc.,NASDAQ,"의료 장비, 물품 및 유통",1167195294.0,13.88,13.5,10.92,10.16,6.46,15.26,6.51,-9.04,113.21,47.0,54.9,108.4,0.6868918474545391,476965,6450868.0,0.8,True,94,83,💎 골드,5,🟢 5일 연속
MCS,Marcus Corp,NYSE,여가 및 오락시설,878099888.0,28.48,28.13,22.16,20.51,6.33,31.12,13.06,-8.48,118.07,21.4,69.6,81.7,0.5582092921134061,206610,5716447.0,0.76,True,92,83,💎 골드,11,🟢 11일 연속
GCT,Gigacloud Technology Inc,NASDAQ,온라인 서비스,1875858750.0,52.53,48.9,42.77,41.93,4.11,53.98,25.46,-2.69,106.32,66.2,26.4,77.1,0.5334114068910842,643249,33462148.0,1.13,True,91,83,💎 골드,11,🟢 11일 연속
CODI,Compass Diversified Holdings,NYSE,투자 지주 회사,841514280.0,11.19,11.15,10.21,9.1,5.85,12.71,4.65,-12.0,140.54,4.9,45.8,66.4,0.501706813977052,518370,5849700.0,0.72,True,90,83,💎 골드,11,🟢 11일 연속
CNXN,PC Connection Inc,NASDAQ,통합 하드웨어 및 소프트웨어,2239124143.0,88.72,82.83,71.56,68.67,4.12,89.32,55.83,-0.67,58.91,21.6,55.0,42.9,0.3794482176617496,136009,11602921.0,0.93,True,86,83,💎 골드,11,🟢 11일 연속
SCSC,ScanSource  Inc.,NASDAQ,컴퓨터 하드웨어,1157808834.0,57.48,56.04,47.31,45.48,3.88,58.89,34.27,-2.39,67.73,10.3,60.2,30.0,0.3113805853172667,259282,14872296.0,0.82,True,83,83,💎 골드,11,🟢 11일 연속
IGR,CBRE Global Real Estate Income Closed End Fund,NYSE,폐쇄형 펀드,595403376.0,11.77,6.8,5.36,5.17,11.48,12.94,4.16,-9.04,182.93,155.3,182.9,134.5,1.603489752292637,429588,4066063.0,1.0,True,98,82,💎 골드,11,🟢 11일 연속
TKNO,Alpha Teknova  Inc.,NASDAQ,"의료 장비, 물품 및 유통",497690040.0,9.27,6.83,4.81,4.45,7.45,9.33,1.99,-0.64,365.83,63.2,245.9,52.7,1.1089555129205104,228565,1817880.0,1.01,True,97,82,💎 골드,11,🟢 11일 연속
KRT,Karat Packaging Inc,NASDAQ,용기(종이 제외) 및 포장재,1045817401.0,52.47,46.6,34.69,32.08,9.47,54.16,21.06,-3.12,149.15,56.8,90.8,112.9,0.8946379619089038,165723,8321758.0,1.04,True,96,82,💎 골드,11,🟢 11일 연속
MTW,Manitowoc Company Inc,NYSE,중장비 및 차량,782184108.0,21.69,18.64,14.73,14.41,7.33,22.76,9.9,-4.7,119.09,56.2,92.5,117.3,0.7879472054192236,400047,8487338.0,1.09,True,95,82,💎 골드,11,🟢 11일 연속
CAKE,Cheesecake Factory Inc,NASDAQ,레스토랑 및 바,5204962316.0,104.58,103.6,78.08,72.78,8.53,117.29,43.14,-10.84,142.42,31.5,92.3,91.0,0.6906698733969084,1372880,141879507.0,0.97,True,94,82,💎 골드,5,🟢 5일 연속
PAYC,Paycom Software  Inc.,NYSE,소프트웨어,10001842972.0,221.91,207.01,156.23,153.74,4.24,240.52,113.59,-7.74,95.36,76.6,83.4,2.0,0.5538785646562736,753814,170430891.0,0.89,True,92,82,💎 골드,7,🟢 7일 연속
ZETA,Zeta Global Holdings Corp.,NYSE,소프트웨어,7237450172.0,28.82,27.57,21.61,21.01,6.25,32.68,14.55,-11.81,98.08,46.4,94.6,40.4,0.5343195861355257,6150897,189430591.0,0.97,True,91,82,💎 골드,11,🟢 11일 연속
TGTX,TG Therapeutics  Inc.,NASDAQ,제약,8623145101.0,56.28,53.63,44.46,40.84,6.39,59.06,26.94,-4.7,108.93,2.4,78.6,58.5,0.4499861107879953,1808271,101379391.0,0.98,True,89,82,💎 골드,9,🟢 9일 연속
TGT,Target Corp,NYSE,할인점,72160493546.0,158.85,154.18,134.91,127.62,5.74,169.89,83.68,-6.5,89.83,21.6,33.7,80.8,0.4347310796692257,3156720,501569472.0,0.85,True,89,82,💎 골드,11,🟢 11일 연속
KEYS,Keysight Technologies  Inc.,NYSE,산업용 기계 및 장비,60771415399.0,356.8,330.28,326.8,299.32,5.04,373.34,159.49,-4.43,123.71,1.9,32.4,105.8,0.43058193732372846,991060,329729739.0,0.85,True,88,82,💎 골드,8,🟢 8일 연속
LGND,Ligand Pharmaceuticals Incorporated,NASDAQ,제약,6145151474.0,308.25,291.17,254.64,239.33,3.91,322.61,169.72,-4.45,81.62,-2.5,60.0,81.6,0.3881649828117909,223106,64369260.0,0.87,True,87,82,💎 골드,5,🟢 5일 연속
LILA,Liberty Latin America Ltd. Class A,NASDAQ,무선 통신 서비스,316048500.0,8.56,8.42,6.65,6.29,4.94,8.88,4.65,-3.55,84.32,9.2,47.3,53.2,0.37504888301988326,361222,3118982.0,0.82,True,86,82,💎 골드,11,🟢 11일 연속
MRK,Merck & Co Inc,NYSE,제약,366288637236.0,148.45,140.8,125.82,121.93,4.26,156.45,78.56,-5.11,88.96,15.5,25.7,89.0,0.3694743006481026,9571674,1414358106.0,0.88,True,86,82,💎 골드,11,🟢 11일 연속
TSM,Taiwan Semiconductor Manufacturing Company Limited ADR,NYSE,반도체,2319628713309.0,447.14,421.15,402.73,383.89,3.88,477.57,273.23,-6.37,63.65,-6.4,41.3,63.6,0.27949283545138126,9509535,4103899335.0,0.76,True,81,82,💎 골드,9,🟢 9일 연속
DV,DoubleVerify Holdings  Inc.,NYSE,소프트웨어,2076833733.0,13.4,12.78,11.19,11.04,2.64,13.52,8.61,-0.89,55.63,23.6,41.2,12.7,0.23531040543814957,3412921,45905562.0,0.22,True,77,82,💎 골드,11,🟢 11일 연속
DELL,Dell Technologies Inc,NYSE,컴퓨터 하드웨어,342855667310.0,538.86,478.57,339.18,284.91,16.42,588.4,111.07,-8.42,385.15,24.9,227.3,312.1,1.8121685906210896,11218666,5903399877.0,1.06,True,98,81,💎 골드,11,🟢 11일 연속
HPE,Hewlett Packard Enterprise Company,NYSE,컴퓨터 하드웨어,81486425459.0,61.31,54.25,40.51,36.09,10.98,63.52,20.0,-3.48,206.55,35.9,171.2,155.5,1.0975861198087005,27732077,1575751364.0,1.19,True,97,81,💎 골드,11,🟢 11일 연속
ECO,Okeanis Eco Tankers Corp.,NYSE,오일 및 가스 수송 서비스,3199114034.0,80.5,67.3,56.86,52.24,8.15,86.3,28.2,-6.72,185.46,60.6,62.1,172.9,0.9933748218648495,755686,59195876.0,1.19,True,97,81,💎 골드,11,🟢 11일 연속
CLMT,Calumet  Inc.,NASDAQ,"오일, 가스 정제 및 마케팅",4655090473.0,53.04,49.1,38.51,34.42,11.73,59.05,17.68,-10.18,200.0,47.3,51.4,182.9,0.9962564730347473,1438425,79796140.0,1.12,True,97,81,💎 골드,11,🟢 11일 연속
COHU,Cohu  Inc.,NASDAQ,반도체 장비 및 테스트,3078891682.0,64.93,53.36,48.04,42.9,8.0,73.91,18.74,-12.15,246.48,-12.1,127.2,215.8,0.9902198325255793,986790,53775304.0,0.85,True,97,81,💎 골드,7,🟢 7일 연속
VLO,Valero Energy Corp,NYSE,"오일, 가스 정제 및 마케팅",112439272614.0,390.73,348.19,280.3,255.77,8.84,413.28,156.39,-5.46,149.84,50.0,56.1,122.5,0.8337720380197498,3911813,1511283804.0,1.25,True,96,81,💎 골드,11,🟢 11일 연속
SMTC,Semtech Corporation,NASDAQ,반도체,15910152720.0,170.18,141.85,126.43,114.69,8.47,185.0,61.98,-8.01,174.57,5.1,141.0,170.3,0.8905562478138662,3184218,523809573.0,1.01,True,96,81,💎 골드,11,🟢 11일 연속
VSXY,Victoria's Secret & Co.,NYSE,의류 및 액세서리 소매,6961199117.0,87.34,85.08,68.2,65.71,6.41,99.97,26.24,-12.63,232.85,4.6,101.8,232.9,0.8123314431011435,2169585,168946856.0,1.0,True,96,81,💎 골드,1,🔥 NEW (1일)
FIVN,Five9  Inc.,NASDAQ,소프트웨어,2642597674.0,35.35,31.53,23.51,22.33,6.77,38.65,13.61,-8.54,159.74,65.8,139.3,40.7,0.7770257982722801,2185645,75596707.0,1.07,True,95,81,💎 골드,11,🟢 11일 연속
HTFL,Heartflow  Inc,NASDAQ,첨단 의료 장비 및 기술,4272901231.0,49.13,40.08,32.09,31.39,6.55,50.75,20.49,-3.19,139.78,67.5,105.8,48.6,0.7080658572640911,1985033,97591139.0,1.13,True,94,81,💎 골드,11,🟢 11일 연속
WT,WisdomTree  Inc.,NYSE,투자 관리 및 펀드 운영,3633260422.0,23.98,22.55,19.06,17.9,7.52,25.04,10.73,-4.23,123.49,41.6,72.3,72.5,0.6425841311623067,2894122,67773237.0,1.12,True,94,81,💎 골드,11,🟢 11일 연속
NSIT,Insight Enterprises Inc,NASDAQ,IT 서비스 및 컨설팅,4559930825.0,155.73,147.05,109.51,103.07,7.42,165.37,64.43,-5.83,141.7,27.9,141.7,38.1,0.6440700048949886,359849,56705898.0,1.09,True,94,81,💎 골드,11,🟢 11일 연속
CORT,Corcept Therapeutics Incorporated,NASDAQ,제약,12466988126.0,115.33,111.28,75.41,69.36,5.21,123.57,32.15,-6.67,258.72,32.6,202.5,37.5,0.6897483574997619,1694539,189643691.0,1.07,True,94,81,💎 골드,11,🟢 11일 연속
DHT,DHT Holdings  Inc.,NYSE,오일 및 가스 수송 서비스,3594747100.0,22.3,19.87,18.55,17.34,5.04,23.27,11.2,-4.19,99.06,34.9,24.3,81.1,0.5153126876054699,3916000,84915879.0,1.04,True,91,81,💎 골드,11,🟢 11일 연속
EQNR,Equinor ASA ADR,NYSE,통합 오일 및 가스,107449147514.0,43.0,41.74,38.27,35.0,6.14,45.75,22.41,-6.01,91.89,37.0,1.4,68.4,0.46067295638568373,3384864,147693460.0,1.04,True,90,81,💎 골드,11,🟢 11일 연속
DGII,Digi International Inc.,NASDAQ,통신 및 네트워킹,2878365130.0,75.85,73.48,64.2,59.34,5.49,85.24,35.37,-11.02,114.45,1.2,62.0,104.0,0.47769087890006057,368547,26412475.0,0.86,True,90,81,💎 골드,6,🟢 6일 연속
TX,Ternium SA ADR,NYSE,철 및 강철,10722325372.0,54.6,53.77,46.95,45.53,4.61,58.11,34.48,-6.05,58.34,27.9,41.9,58.3,0.3959158113136933,461838,26278201.0,0.9,True,87,81,💎 골드,11,🟢 11일 연속
MFG,Mizuho Financial Group  Inc. ADR,NYSE,은행,133581496760.0,11.06,10.68,9.49,9.21,4.63,11.45,6.09,-3.41,81.61,15.4,45.0,61.5,0.37680921333256767,3221506,35565740.0,0.99,True,86,81,💎 골드,2,🟢 2일 연속
PLSE,Pulse Biosciences Inc,NASDAQ,첨단 의료 장비 및 기술,3699503625.0,51.94,45.37,30.59,27.01,16.8,55.2,12.66,-5.91,310.27,87.3,164.6,192.3,1.5843842953903515,703510,36861572.0,1.33,True,98,80,💎 골드,11,🟢 11일 연속
STX,Seagate Technology Holdings PLC,NASDAQ,컴퓨터 하드웨어,203683760618.0,887.15,851.74,735.14,638.28,10.11,1094.04,211.63,-18.91,319.2,-8.1,144.8,307.9,1.2929147025688394,3674757,3131640867.0,0.74,True,98,80,💎 골드,7,🟢 7일 연속
SIMO,Silicon Motion Technology Corporation ADR,NASDAQ,반도체,9297252439.0,272.76,255.97,226.54,197.7,9.58,336.9,80.16,-19.04,240.27,-18.2,158.7,201.1,1.051415069523719,758864,197354652.0,0.79,True,97,80,💎 골드,7,🟢 7일 연속
MRVL,Marvell Technology  Inc.,NASDAQ,반도체,220066824000.0,250.48,221.81,190.23,163.32,9.87,316.43,73.73,-20.84,239.73,-15.9,185.3,201.2,1.0893937325975527,17987803,4191487699.0,0.79,True,97,80,💎 골드,8,🟢 8일 연속
XNCR,Xencor  Inc.,NASDAQ,생명 공학 및 의학 연구,1843220712.0,24.79,23.74,16.4,15.72,5.97,29.3,10.41,-15.39,138.14,54.0,118.4,114.3,0.807006482513622,1385184,34800365.0,0.9,True,96,80,💎 골드,11,🟢 11일 연속
NBIS,Nebius Group NV,NASDAQ,경영 지원 서비스,62926327310.0,231.09,216.64,188.73,164.78,8.53,286.69,73.87,-19.39,212.83,-16.3,150.5,114.6,0.7924601530038526,14866263,3345629641.0,0.74,True,95,80,💎 골드,8,🟢 8일 연속
CMBT,CMB.TECH NV,NYSE,오일 및 가스 수송 서비스,6115747358.0,19.35,17.7,15.35,14.35,6.7,20.41,9.01,-5.17,114.82,38.3,55.7,94.9,0.6537201813225201,1092505,21048557.0,1.05,True,94,80,💎 골드,11,🟢 11일 연속
TNK,Teekay Tankers Ltd,NYSE,오일 및 가스 수송 서비스,3346662020.0,96.66,87.22,78.17,73.8,5.24,100.92,48.82,-4.22,97.99,49.0,34.2,84.6,0.5893137008716678,512168,49182774.0,1.06,True,93,80,💎 골드,11,🟢 11일 연속
AAMI,Acadian Asset Management Inc.,NYSE,투자 관리 및 펀드 운영,3300936805.0,93.01,90.13,74.3,68.53,7.42,97.31,41.93,-4.42,121.82,30.0,77.9,90.0,0.640600877947896,476640,43322754.0,1.04,True,93,80,💎 골드,9,🟢 9일 연속
UGP,Ultrapar Participacoes SA ADR,NYSE,"오일, 가스 정제 및 마케팅",7707045398.0,7.21,6.76,5.88,5.5,6.28,7.69,3.63,-6.3,98.51,43.5,34.9,82.9,0.5951831965495551,3516028,25855590.0,1.09,True,93,80,💎 골드,11,🟢 11일 연속
RVTY,Revvity  Inc.,NYSE,첨단 의료 장비 및 기술,16590666101.0,148.53,124.45,105.9,105.25,3.74,151.11,82.26,-1.71,80.56,33.5,75.2,76.7,0.5448108803158237,2136739,294206931.0,1.19,True,92,80,💎 골드,7,🟢 7일 연속
DAC,Danaos Corporation,NYSE,해양 화물 및 물류,2815363672.0,154.66,147.69,130.55,122.88,5.14,162.4,84.05,-4.77,84.01,26.4,40.9,68.2,0.45028384153207845,123638,19347626.0,0.87,True,89,80,💎 골드,11,🟢 11일 연속
LILAK,Liberty Latin America Ltd. Class C,NASDAQ,무선 통신 서비스,1329467500.0,8.49,8.34,6.66,6.32,4.74,8.85,4.7,-4.01,80.7,9.1,44.1,49.0,0.3519130218512029,1329321,11416057.0,0.93,True,85,80,💎 골드,11,🟢 11일 연속
BIO,Bio-Rad Laboratories  Inc. Class A,NYSE,"의료 장비, 물품 및 유통",8251727356.0,380.67,360.58,308.13,306.55,2.11,390.34,241.71,-2.48,57.49,29.6,40.8,40.3,0.33129546862116643,262024,99319904.0,0.94,True,84,80,💎 골드,4,🟢 4일 연속
DT,Dynatrace  Inc,NYSE,IT 서비스 및 컨설팅,16504911530.0,57.12,50.19,42.92,42.3,2.25,58.68,32.36,-2.65,76.53,30.1,53.9,15.4,0.31657286437009896,6724965,368617396.0,0.93,True,83,80,💎 골드,9,🟢 9일 연속
WST,West Pharmaceutical Services  Inc.,NYSE,"의료 장비, 물품 및 유통",26267753167.0,373.25,350.74,314.27,300.32,2.88,375.87,230.95,-0.7,61.62,4.0,52.3,42.7,0.27799123214273314,592517,211719417.0,0.94,True,81,80,💎 골드,11,🟢 11일 연속
AAPL,Apple Inc.,NASDAQ,전화 및 소형 장치,4977345089000.0,340.89,321.97,295.48,288.08,1.94,341.07,245.27,-0.05,38.98,17.8,38.2,33.4,0.2639071246432714,41516159,13678272758.0,0.95,True,80,80,💎 골드,11,🟢 11일 연속
BOW,Bowhead Specialty Holdings Inc.,NYSE,손해보험,1114816398.0,33.84,33.06,28.3,27.72,2.48,33.87,21.44,-0.09,57.84,13.1,52.1,24.0,0.2419192613770571,289174,9743439.0,0.19,True,78,80,💎 골드,11,🟢 11일 연속
BWIN,The Baldwin Insurance Group  Inc.,NASDAQ,복합보험 및 중개인,4311674423.0,31.81,29.97,24.74,24.21,1.87,32.49,16.5,-2.11,92.76,19.7,44.5,11.1,0.23836927236767103,4744039,151095287.0,0.71,True,78,80,💎 골드,8,🟢 8일 연속
NVDA,NVIDIA Corporation,NASDAQ,반도체,5552640000000.0,230.21,216.52,204.62,199.7,1.98,235.74,165.17,-2.35,39.37,15.1,39.4,29.2,0.23898058320835844,109912050,24447036797.0,0.84,True,78,80,💎 골드,7,🟢 7일 연속
BWLP,BW LPG Ltd,NYSE,오일 및 가스 수송 서비스,3972493080.0,24.96,23.4,20.33,18.85,6.92,26.14,11.96,-4.51,108.69,43.2,51.1,64.8,0.5975540902020389,469491,11634506.0,1.03,True,93,79,⭐ 실버,11,🟢 11일 연속
HSHP,Himalaya Shipping Ltd,NYSE,해양 화물 및 물류,822541026.0,17.43,16.7,15.05,13.78,7.23,19.33,7.42,-9.8,134.97,30.5,38.8,99.3,0.5873217232765824,502697,9172805.0,0.99,True,92,79,⭐ 실버,11,🟢 11일 연속
AMRX,Amneal Pharmaceuticals  Inc,NASDAQ,제약,6973025579.0,20.0,18.12,15.3,14.85,4.39,20.16,9.72,-0.79,105.76,15.5,67.4,105.1,0.5160253775691187,2530415,46793089.0,1.19,True,91,79,⭐ 실버,9,🟢 9일 연속
DCTH,Delcath Systems Inc,NASDAQ,"의료 장비, 물품 및 유통",543209636.0,15.65,15.35,12.34,11.77,6.32,17.36,8.19,-9.82,91.15,24.3,76.1,45.7,0.4449442284704479,349554,5661188.0,0.75,True,89,79,⭐ 실버,11,🟢 11일 연속
AMCX,AMC Global Media Inc.,NASDAQ,방송,501599647.0,12.16,11.74,9.66,9.4,3.95,12.85,6.52,-5.37,86.5,21.8,82.6,46.0,0.39265997377315787,599850,7221965.0,0.9,True,87,79,⭐ 실버,6,🟢 6일 연속
JOYY,JOYY Inc. ADR,NASDAQ,온라인 서비스,3930368483.0,80.25,75.2,66.72,66.37,2.36,81.05,54.42,-0.98,47.47,21.6,42.1,37.1,0.28815635358703817,374334,29024552.0,0.9,True,82,79,⭐ 실버,11,🟢 11일 연속
E,Eni SpA ADR,NYSE,통합 오일 및 가스,81516089935.0,55.94,54.38,52.87,49.58,3.67,57.61,34.03,-2.9,64.38,19.4,0.3,56.0,0.2864091156709063,328324,18089812.0,0.99,True,82,79,⭐ 실버,4,🟢 4일 연속
PAYS,Paysign Inc,NASDAQ,경영 지원 서비스,715375517.0,12.67,11.92,8.08,7.19,11.7,14.14,3.18,-10.4,298.43,54.7,120.0,118.4,0.9773795663129372,750724,9521480.0,1.02,True,97,78,⭐ 실버,11,🟢 11일 연속
RSKD,Riskified Ltd,NYSE,소프트웨어,1025273005.0,7.76,6.01,5.09,4.98,3.64,7.91,3.79,-1.83,104.88,54.1,102.2,63.8,0.6583140821747089,2373753,16445978.0,1.36,True,94,78,⭐ 실버,11,🟢 11일 연속
SCCO,Southern Copper Corp,NYSE,특수 채굴 및 금속,169594872770.0,200.8,195.43,184.27,180.57,4.08,219.7,112.66,-8.6,78.24,16.6,28.9,78.2,0.3573701120603697,1036922,207455176.0,0.99,True,85,78,⭐ 실버,8,🟢 8일 연속
LQDT,Liquidity Services Inc,NASDAQ,온라인 서비스,1360262195.0,43.42,41.36,36.81,35.49,4.41,43.61,22.16,-0.45,95.92,11.0,45.8,59.0,0.33229432736543485,222574,9360702.0,0.91,True,84,78,⭐ 실버,11,🟢 11일 연속
OSPN,OneSpan Inc.,NASDAQ,소프트웨어,655047375.0,17.77,16.36,13.73,13.34,3.74,18.01,10.15,-1.3,75.12,23.9,74.8,9.0,0.338280827739047,534829,9269242.0,0.95,True,84,78,⭐ 실버,11,🟢 11일 연속
MUFG,Mitsubishi UFJ Financial Group  Inc. ADR,NYSE,은행,263216058866.0,23.38,22.78,20.08,19.45,4.16,24.13,14.62,-3.13,59.88,17.5,43.2,45.7,0.3422128481671347,2829774,66234454.0,1.0,True,84,78,⭐ 실버,2,🟢 2일 연속
FFIV,F5  Inc.,NASDAQ,IT 서비스 및 컨설팅,24769861950.0,437.42,408.01,365.76,341.42,5.63,455.99,223.99,-4.07,95.29,5.2,56.4,34.6,0.33513211625348566,532665,224656893.0,0.97,True,84,78,⭐ 실버,11,🟢 11일 연속
PRTH,Priority Technology Holdings Inc,NASDAQ,핀테크,640809157.0,7.77,6.08,5.88,5.82,1.27,7.8,4.64,-0.38,67.46,16.5,65.3,10.8,0.2993012691485102,1994905,14939259.0,0.91,True,83,78,⭐ 실버,6,🟢 6일 연속
RAL,Ralliant Corporation,NYSE,산업용 기계 및 장비,7644671353.0,69.07,67.01,58.45,56.34,3.31,73.63,38.39,-6.19,79.93,-6.2,75.1,60.1,0.31391144476131877,1462558,96952763.0,0.88,True,83,78,⭐ 실버,9,🟢 9일 연속
DXCM,Dexcom Inc,NASDAQ,"의료 장비, 물품 및 유통",32630385350.0,86.45,85.33,73.71,72.67,3.63,92.34,54.84,-6.38,57.64,28.4,39.7,28.8,0.3063166199124107,3918433,342707082.0,0.86,True,83,78,⭐ 실버,10,🟢 10일 연속
HBT,HBT Financial Inc,NASDAQ,은행,1311707625.0,36.07,35.73,31.01,30.07,4.18,37.22,22.88,-3.09,57.65,12.8,33.1,40.7,0.2757060416871092,122729,4421080.0,0.82,True,81,78,⭐ 실버,3,🟢 3일 연속
GRMN,Garmin Ltd.,NYSE,통신 및 네트워킹,56285941157.0,291.86,284.27,256.53,244.79,3.59,313.16,187.1,-6.8,55.99,22.9,29.1,21.4,0.27652010214219835,826065,230951058.0,0.85,True,81,78,⭐ 실버,6,🟢 6일 연속
GIC,Global Industrial Company,NYSE,다각적 산업용 제품 도매,1584544819.0,41.58,38.67,34.17,33.34,3.85,41.85,26.65,-0.65,56.02,24.3,34.8,13.5,0.26990319795293083,140122,5639470.0,0.89,True,80,78,⭐ 실버,11,🟢 11일 연속
AMG,Affiliated Managers Group  Inc.,NYSE,투자 관리 및 펀드 운영,9544901270.0,369.1,362.61,327.56,321.62,3.11,383.42,230.78,-3.73,59.94,9.1,36.8,54.4,0.26796895409826826,280739,100985079.0,0.92,True,80,78,⭐ 실버,4,🟢 4일 연속
VOD,Vodafone Group PLC ADR,NASDAQ,무선 통신 서비스,38359458106.0,16.57,16.28,15.39,15.05,3.13,17.68,11.17,-6.28,48.34,25.2,12.7,44.8,0.26870157996110183,3118298,52741769.0,0.89,True,80,78,⭐ 실버,11,🟢 11일 연속
MPC,Marathon Petroleum Corporation,NYSE,"오일, 가스 정제 및 마케팅",110034162762.0,392.15,358.17,282.81,257.33,8.57,424.89,162.63,-7.7,141.13,53.4,60.0,97.4,0.8073347103644825,3051357,1220048677.0,1.24,True,96,77,⭐ 실버,11,🟢 11일 연속
DINO,HF Sinclair Corporation,NYSE,"오일, 가스 정제 및 마케팅",18941091272.0,106.54,97.84,76.33,69.92,8.58,116.62,45.88,-8.64,132.21,53.0,69.0,100.0,0.8143173576534994,2849952,308626691.0,1.19,True,96,77,⭐ 실버,11,🟢 11일 연속
FOSL,Fossil Group Inc,NASDAQ,의류 및 액세서리,358967976.0,6.07,5.24,4.68,4.46,6.15,6.41,1.79,-5.3,239.11,46.6,50.2,123.2,0.6486167556836927,739437,3929542.0,1.06,True,94,77,⭐ 실버,11,🟢 11일 연속
CVI,CVR Energy Inc,NYSE,"오일, 가스 정제 및 마케팅",5109467694.0,50.83,40.87,34.27,31.89,4.61,54.14,20.72,-6.12,145.29,84.5,45.5,40.0,0.6997377390516201,1204036,58938620.0,1.22,True,94,77,⭐ 실버,11,🟢 11일 연속
PSX,Phillips 66,NYSE,"오일, 가스 정제 및 마케팅",101892983557.0,255.36,236.74,194.75,181.7,7.16,274.21,126.76,-6.87,101.45,51.1,38.2,83.1,0.6465656199412074,3360353,874750567.0,1.16,True,94,77,⭐ 실버,11,🟢 11일 연속
FRO,Frontline PLC,NYSE,오일 및 가스 수송 서비스,10847300267.0,48.74,43.64,38.67,35.51,7.28,54.03,20.58,-9.79,136.83,40.1,46.0,111.1,0.7214560741825277,3746829,184283316.0,1.13,True,94,77,⭐ 실버,11,🟢 11일 연속
SNOW,Snowflake Inc.,NYSE,IT 서비스 및 컨설팅,117166644000.0,331.72,318.29,232.83,225.59,3.85,356.47,121.11,-6.94,173.9,30.3,115.9,47.7,0.5447702311790674,5468672,1829932563.0,1.17,True,92,77,⭐ 실버,11,🟢 11일 연속
MRX,Marex Group Ltd,NASDAQ,투자 은행 및 중개 서비스,5172173175.0,71.49,69.5,57.87,53.33,7.76,78.27,28.24,-8.66,153.15,17.3,64.3,110.5,0.5802201474096322,799846,59158322.0,1.01,True,92,77,⭐ 실버,11,🟢 11일 연속
WEST,Westrock Coffee Co,NASDAQ,식품 가공,797615752.0,8.17,8.0,6.95,6.34,6.19,9.73,3.71,-16.03,120.22,0.7,101.7,74.9,0.5500439707640626,296384,2325547.0,0.78,True,92,77,⭐ 실버,2,🟢 2일 연속
TRMD,Torm PLC,NASDAQ,오일 및 가스 수송 서비스,3671422030.0,35.8,32.12,30.3,28.39,4.84,38.23,19.39,-6.36,84.63,37.4,30.8,67.9,0.5134562383215743,1955484,68728219.0,1.3,True,91,77,⭐ 실버,11,🟢 11일 연속
SN,SharkNinja  Inc.,NYSE,"가전제품, 도구 및 가정 용품",25079362403.0,177.74,172.66,138.19,133.56,6.04,192.86,84.57,-7.84,110.17,16.7,82.1,67.8,0.4785539024177978,2189968,373322066.0,1.15,True,90,77,⭐ 실버,3,🟢 3일 연속
S,SentinelOne Inc,NYSE,소프트웨어,7935519868.0,22.81,21.05,17.23,16.5,3.58,24.1,11.94,-5.37,91.0,34.4,80.8,25.6,0.45439280367510915,8810326,193040070.0,1.05,True,89,77,⭐ 실버,11,🟢 11일 연속
WTTR,Select Water Solutions  Inc.,NYSE,오일 관련 서비스 및 장비,2804929272.0,20.26,20.03,17.94,16.39,6.4,22.26,9.4,-8.98,115.53,1.4,33.1,83.3,0.41793183723612226,1702932,34349637.0,0.9,True,88,77,⭐ 실버,1,🔥 NEW (1일)
TEVA,Teva Pharmaceutical Industries Limited,NYSE,제약,44872638955.0,38.55,36.23,33.82,33.49,3.69,40.22,18.34,-4.15,110.2,13.8,36.0,110.2,0.38925456490882215,5040452,192329581.0,1.13,True,87,77,⭐ 실버,11,🟢 11일 연속
PBR,Petroleo Brasileiro ADR Reptg 2,NYSE,통합 오일 및 가스,77436417530.0,20.82,19.37,19.13,17.7,4.74,22.03,11.54,-5.49,80.42,28.8,0.0,59.2,0.39431073213372064,21495438,447023983.0,1.15,True,87,77,⭐ 실버,9,🟢 9일 연속
SU,Suncor Energy Inc (Canada),NYSE,"오일, 가스 정제 및 마케팅",81979163328.0,69.51,66.53,63.5,59.9,4.21,71.87,38.17,-3.28,82.11,29.5,5.4,63.1,0.3773207888564636,4564937,312327543.0,1.04,True,86,77,⭐ 실버,11,🟢 11일 연속
ROKU,Roku  Inc.,NASDAQ,엔터테인먼트 제작,22728067274.0,153.01,152.49,129.08,122.35,4.92,159.76,82.93,-4.23,84.5,10.8,73.4,53.6,0.37018729690381325,2138227,331358518.0,1.03,True,86,77,⭐ 실버,11,🟢 11일 연속
STNG,Scorpio Tankers Inc.,NYSE,오일 및 가스 수송 서비스,4253158819.0,84.93,79.94,77.79,73.1,3.43,87.85,49.51,-3.33,71.53,22.6,15.3,46.9,0.3449908144565311,971377,81332799.0,1.03,True,85,77,⭐ 실버,11,🟢 11일 연속
TALO,Talos Energy Inc.,NYSE,"오일, 가스 탐사 및 생산",2786642429.0,16.7,16.15,15.09,14.24,4.39,18.33,9.05,-8.87,84.59,29.4,2.4,63.1,0.3550847205332796,2048006,35230474.0,0.96,True,85,77,⭐ 실버,11,🟢 11일 연속
WCC,WESCO International  Inc.,NYSE,전기 부품 및 장비,17686249206.0,362.38,348.16,329.38,316.57,2.86,374.52,208.29,-3.24,73.98,4.9,40.9,69.5,0.32585736458337433,460809,160270208.0,0.9,True,84,77,⭐ 실버,6,🟢 6일 연속
ZIM,ZIM Integrated Shipping Services Ltd,NYSE,해양 화물 및 물류,3436015678.0,28.47,27.5,26.56,25.45,4.53,30.51,12.44,-6.69,128.86,9.5,10.0,104.2,0.3331781800875886,1398782,41120053.0,0.97,True,84,77,⭐ 실버,11,🟢 11일 연속
NTNX,Nutanix  Inc.,NASDAQ,IT 서비스 및 컨설팅,18558408578.0,68.59,64.58,51.38,50.04,2.51,77.15,34.41,-11.1,99.33,34.6,80.8,-11.1,0.33747259480194197,2259421,154426921.0,0.83,True,84,77,⭐ 실버,11,🟢 11일 연속
ZD,Ziff Davis Inc,NASDAQ,온라인 서비스,1928141142.0,56.22,55.17,48.08,44.87,5.73,59.21,26.51,-5.05,112.07,7.4,34.1,52.5,0.3162349628652876,715863,40869666.0,0.89,True,83,77,⭐ 실버,11,🟢 11일 연속
EXPD,Expeditors International of Washington Inc,NYSE,"배달, 우편, 항공 화물 및 육상 물류",24283548096.0,186.81,183.97,163.94,161.98,2.84,193.9,113.13,-3.66,65.13,14.6,32.0,53.3,0.27462863308078794,977004,184832106.0,0.91,True,81,77,⭐ 실버,2,🟢 2일 연속
BNS,The Bank of Nova Scotia,NYSE,은행,113282449181.0,92.93,90.6,82.1,80.16,3.16,95.35,63.31,-2.54,46.79,7.0,37.9,44.3,0.24308301474270802,1621607,150900399.0,0.92,True,78,77,⭐ 실버,11,🟢 11일 연속
TTE,TotalEnergies SE,NYSE,통합 오일 및 가스,207585127840.0,90.98,88.43,86.86,82.46,3.2,93.6,57.39,-2.8,58.53,17.0,-0.6,44.1,0.23257261662168766,1500747,135844861.0,0.97,True,77,77,⭐ 실버,11,🟢 11일 연속
BAND,Bandwidth Inc.,NASDAQ,소프트웨어,1978153038.0,61.47,51.59,44.08,36.61,11.53,78.44,12.82,-21.63,379.49,-2.9,256.6,250.9,1.612073243757981,990447,52162637.0,0.93,True,98,76,⭐ 실버,4,🟢 4일 연속
INTC,Intel Corp,NASDAQ,반도체,607782993765.0,115.02,99.45,91.55,79.57,9.33,140.94,33.55,-18.39,242.83,-17.6,179.2,224.0,1.1714540040289039,103988903,11186346133.0,0.96,True,97,76,⭐ 실버,8,🟢 8일 연속
BE,Bloom Energy Corporation,NYSE,중전기장비,77118539580.0,261.42,230.6,229.34,203.72,8.07,345.85,70.32,-24.41,271.76,-13.6,118.7,271.8,1.1062265761604508,16542001,4338895154.0,0.85,True,97,76,⭐ 실버,9,🟢 9일 연속
AMLX,Amylyx Pharmaceuticals  Inc.,NASDAQ,생명 공학 및 의학 연구,3736147668.0,29.78,28.47,19.78,18.2,11.42,39.66,11.38,-24.9,161.73,65.8,133.4,105.1,1.023604847684012,1536436,50318248.0,0.89,True,97,76,⭐ 실버,1,🔥 NEW (1일)
NUAI,New Era Energy & Digital Inc,NASDAQ,"오일, 가스 탐사 및 생산",737998014.0,6.93,5.48,5.01,4.94,3.61,8.06,1.54,-14.07,349.72,8.6,86.2,276.4,0.8631149086931946,8033739,51650819.0,1.11,True,96,76,⭐ 실버,6,🟢 6일 연속
TRLV,Trulieve Cannabis Corp ( Delaware ),NYSE,의약품 소매,2362776256.0,12.27,10.39,8.8,8.56,7.69,13.0,4.76,-5.62,157.77,24.8,142.0,71.2,0.6367409203159942,2338555,27330146.0,1.17,True,93,76,⭐ 실버,11,🟢 11일 연속
JILL,JJill Inc,NYSE,의류 및 액세서리 소매,363548417.0,24.46,20.23,16.17,16.01,4.9,24.63,11.0,-0.69,122.36,54.1,63.5,41.3,0.5646723627617507,211732,4861892.0,1.21,True,92,76,⭐ 실버,11,🟢 11일 연속
AVAH,Aveanna Healthcare Holdings Inc,NASDAQ,의료 시설 및 서비스,2746096792.0,12.58,11.94,8.86,8.76,5.55,14.38,6.22,-12.52,102.25,46.8,97.2,43.8,0.5609441099267063,3160882,42915339.0,0.98,True,92,76,⭐ 실버,6,🟢 6일 연속
TER,Teradyne  Inc.,NASDAQ,반도체 장비 및 테스트,60807171305.0,388.15,370.31,360.61,330.63,5.97,483.84,132.08,-19.78,193.87,-19.8,40.5,186.9,0.5658193230362725,2413095,873483457.0,0.76,True,92,76,⭐ 실버,7,🟢 7일 연속
CGAU,Centerra Gold Inc.,NYSE,금,4217625002.0,21.58,21.06,18.69,18.16,5.86,24.25,10.26,-11.01,110.33,36.1,29.3,110.3,0.5080319124685289,1182937,26725474.0,1.01,True,91,76,⭐ 실버,11,🟢 11일 연속
EC,Ecopetrol SA ADR,NYSE,"오일, 가스 탐사 및 생산",35072540579.0,17.09,17.02,15.24,14.24,5.38,18.26,8.61,-6.41,98.49,20.0,14.1,81.6,0.4241840824550247,1614544,27900562.0,1.04,True,88,76,⭐ 실버,1,🔥 NEW (1일)
BHE,Benchmark Electronics Inc,NYSE,전자 장비 및 부품,2927115340.0,81.49,77.59,75.23,68.95,4.7,98.67,35.97,-17.41,126.55,-17.4,52.2,110.9,0.4206477779931283,387296,29425612.0,0.75,True,88,76,⭐ 실버,5,🟢 5일 연속
ASC,Ardmore Shipping Corp,NYSE,오일 및 가스 수송 서비스,741869959.0,18.16,17.57,16.77,15.6,3.83,19.68,10.45,-7.72,73.78,29.6,21.1,45.7,0.3885707083008966,556538,10160405.0,0.85,True,87,76,⭐ 실버,11,🟢 11일 연속
DDI,DoubleDown Interactive Co Ltd ADR,NASDAQ,카지노 및 도박,647167926.0,13.06,12.41,11.02,10.45,3.63,13.1,8.25,-0.31,58.3,13.8,54.6,40.1,0.3486797982965145,172713,2213350.0,1.06,True,85,76,⭐ 실버,11,🟢 11일 연속
PNTG,The Pennant Group  Inc.,NASDAQ,의료 시설 및 서비스,1425804801.0,40.82,39.47,35.47,34.02,3.72,42.48,23.64,-3.91,72.67,10.5,35.4,60.7,0.3152137524792811,376879,15037571.0,0.97,True,83,76,⭐ 실버,4,🟢 4일 연속
AMTB,Amerant Bancorp Inc.,NYSE,은행,1149438535.0,29.33,28.92,25.03,24.06,4.74,30.58,16.7,-4.09,75.63,14.9,35.3,47.1,0.317019950941491,342324,10041966.0,0.99,True,83,76,⭐ 실버,3,🟢 3일 연속
SLAB,Silicon Laboratories Inc.,NASDAQ,반도체,7398495333.0,221.71,218.98,215.34,200.97,4.86,221.97,116.08,-0.11,91.0,1.4,7.7,69.7,0.29059936635155736,290931,64063154.0,1.05,True,82,76,⭐ 실버,11,🟢 11일 연속
ING,ING Groep N.V. ADR,NYSE,은행,104349456000.0,36.24,35.41,31.23,30.63,3.63,37.27,23.66,-2.76,53.17,15.5,46.3,39.6,0.28978377303604674,1729923,63229902.0,1.01,True,82,76,⭐ 실버,11,🟢 11일 연속
HELE,Helen of Troy Ltd,NASDAQ,"가전제품, 도구 및 가정 용품",664988342.0,28.55,28.43,24.23,22.99,4.06,30.22,13.88,-5.53,105.69,-1.8,103.8,12.2,0.2949646011084156,390679,10985475.0,0.87,True,82,76,⭐ 실버,5,🟢 5일 연속
SAIC,Science Applications International Corp,NASDAQ,IT 서비스 및 컨설팅,5502102172.0,131.32,125.67,109.02,107.09,3.94,133.74,82.22,-1.81,59.72,18.9,38.5,34.5,0.277440419516998,505109,65674030.0,1.09,True,81,76,⭐ 실버,11,🟢 11일 연속
BIIB,Biogen Inc.,NASDAQ,제약,33848963402.0,229.07,213.42,198.9,194.21,2.42,229.07,137.37,0.0,66.76,6.0,22.1,66.8,0.26059081804122286,925641,203402171.0,0.87,True,79,76,⭐ 실버,11,🟢 11일 연속
RGA,Reinsurance Group of America  Incorporated,NYSE,재보험,16553319061.0,253.49,244.36,222.02,217.99,2.78,255.91,181.54,-0.95,39.63,19.2,26.6,32.7,0.24195608124244006,320164,79385647.0,0.95,True,78,76,⭐ 실버,11,🟢 11일 연속
NDSN,Nordson Corporation,NASDAQ,산업용 기계 및 장비,18144625468.0,325.83,312.09,292.0,285.25,2.96,334.7,226.69,-2.65,43.74,8.0,27.2,43.5,0.24058065206339396,346801,109293357.0,0.9,True,78,76,⭐ 실버,11,🟢 11일 연속
JNJ,Johnson & Johnson,NYSE,제약,655480368891.0,271.94,265.35,247.25,240.68,2.91,278.43,179.71,-2.33,51.32,7.1,12.1,51.3,0.21718208263121674,6138191,1656329772.0,0.91,True,76,76,⭐ 실버,11,🟢 11일 연속
GILD,Gilead Sciences  Inc.,NASDAQ,제약,187816007328.0,151.41,141.82,137.14,136.15,1.82,155.8,110.56,-2.81,36.95,19.8,11.1,35.1,0.2144923212492364,5784237,861654221.0,0.9,True,75,76,⭐ 실버,9,🟢 9일 연속
ABSI,Absci Corp,NASDAQ,생명 공학 및 의학 연구,1599442573.0,9.27,8.79,6.57,5.72,11.55,11.62,2.3,-20.2,303.17,-20.0,236.0,239.7,1.1907803485007151,3778005,35088658.0,0.97,True,98,75,⭐ 실버,8,🟢 8일 연속
APPS,Digital Turbine  Inc.,NASDAQ,소프트웨어,1322707613.0,10.92,10.87,7.56,6.89,9.92,14.39,2.82,-24.11,287.23,-15.3,280.5,102.2,0.9224155734227327,2743114,30516621.0,0.87,True,96,75,⭐ 실버,6,🟢 6일 연속
AYA,Aya Gold & Silver Inc (Quebec),NASDAQ,금 제외 귀금속 및 광물,3850621371.0,26.73,25.83,20.59,19.52,9.29,30.38,9.37,-12.01,185.27,41.1,94.3,154.1,0.804785062293603,1293265,36400209.0,1.09,True,95,75,⭐ 실버,11,🟢 11일 연속
HNST,The Honest Company  Inc.,NASDAQ,기타 전문 소매,556805927.0,5.2,4.95,3.84,3.51,8.75,5.95,2.1,-12.69,147.38,41.9,79.8,38.2,0.5869997763377822,1906108,10482353.0,0.91,True,92,75,⭐ 실버,11,🟢 11일 연속
SHG,Shinhan Financial Group Co.  Ltd. ADR,NYSE,은행,38161609847.0,81.29,76.72,69.17,66.45,4.38,84.47,48.93,-3.76,66.14,28.5,36.3,66.1,0.4201657191923305,149960,12293461.0,1.09,True,88,75,⭐ 실버,11,🟢 11일 연속
SFL,SFL Corporation Ltd.,NYSE,오일 및 가스 수송 서비스,1945130032.0,12.93,12.43,11.56,10.82,4.54,13.75,6.84,-5.96,89.04,26.8,22.0,68.6,0.4201429341521633,1530156,19868627.0,1.08,True,88,75,⭐ 실버,11,🟢 11일 연속
OPY,Oppenheimer Holdings Inc.,NYSE,투자 은행 및 중개 서비스,1272868196.0,119.87,115.76,104.78,98.41,5.55,124.74,64.23,-3.9,86.63,13.6,36.9,56.5,0.3644442373527545,120083,14267752.0,1.08,True,86,75,⭐ 실버,3,🟢 3일 연속
KB,KB Financial Group Inc. ADR,NYSE,은행,44982724661.0,127.29,122.64,111.91,107.48,4.04,132.88,77.5,-4.21,64.25,21.3,30.5,57.5,0.3537595855260451,146927,18843480.0,1.02,True,85,75,⭐ 실버,11,🟢 11일 연속
SCL,Stepan Co,NYSE,특수 화학제,1462384298.0,64.33,62.63,55.34,55.1,3.41,67.23,42.31,-4.31,52.04,15.5,29.2,36.2,0.26596355819212303,150257,9379187.0,0.88,True,80,75,⭐ 실버,5,🟢 5일 연속
BATRK,Liberty Media Liberty Braves Ord Shs Series C,NASDAQ,여가 및 오락시설,2878349448.0,54.44,51.29,49.0,46.8,2.73,54.44,38.04,0.0,43.11,4.9,29.6,32.7,0.21954579062908144,439589,22534374.0,0.97,True,76,75,⭐ 실버,4,🟢 4일 연속
ACHV,Achieve Life Sciences  Inc.,NASDAQ,생명 공학 및 의학 연구,770739650.0,7.5,7.33,5.6,5.38,6.48,8.53,2.65,-12.08,183.02,14.9,180.9,149.2,0.8536304053102908,1614532,12546869.0,1.03,True,96,74,⭐ 실버,11,🟢 11일 연속
FTK,Flotek Industries Inc,NYSE,특수 화학제,1071219188.0,29.57,27.87,22.18,20.94,6.39,38.82,13.47,-23.84,119.49,25.7,74.5,101.8,0.5922105958649851,395549,10931712.0,0.76,True,93,74,⭐ 실버,2,🟢 2일 연속
TK,Teekay Corp Ltd,NYSE,오일 및 가스 수송 서비스,1240832886.0,14.15,12.71,12.36,11.75,3.56,14.71,7.9,-3.81,79.11,41.5,18.7,67.1,0.4458153382352521,561081,7814574.0,1.06,True,89,74,⭐ 실버,8,🟢 8일 연속
KRO,Kronos Worldwide  Inc.,NYSE,상품 화학,944950606.0,8.21,7.85,6.93,6.54,5.84,8.91,4.33,-7.86,89.61,29.7,28.3,43.3,0.4196580236862301,408696,3399236.0,0.87,True,88,74,⭐ 실버,11,🟢 11일 연속
MEOH,Methanex Corp,NASDAQ,상품 화학,4658875918.0,60.22,57.69,56.95,53.97,4.67,65.72,33.88,-8.37,77.74,30.5,-3.6,51.5,0.31734077504209723,861840,52908068.0,0.98,True,83,74,⭐ 실버,9,🟢 9일 연속
ANGO,AngioDynamics  Inc.,NASDAQ,"의료 장비, 물품 및 유통",640238706.0,15.48,15.27,12.75,12.44,2.39,16.13,9.7,-4.0,59.64,19.0,42.5,45.0,0.28740135285359597,438117,6779070.0,0.95,True,82,74,⭐ 실버,11,🟢 11일 연속
HRTG,Heritage Insurance Holdings Inc,NYSE,손해보험,995143964.0,33.47,32.58,28.06,27.75,2.03,35.42,20.88,-5.51,60.3,28.3,27.5,34.6,0.26843112297814764,265933,9117801.0,0.87,True,80,74,⭐ 실버,10,🟢 10일 연속
DE,Deere & Co,NYSE,중장비 및 차량,184146067634.0,682.99,642.57,604.09,583.9,3.71,709.48,439.11,-3.73,55.54,7.7,23.0,47.2,0.26228111001929133,1349907,925428325.0,0.93,True,79,74,⭐ 실버,11,🟢 11일 연속
BAP,Credicorp Ltd,NYSE,은행,30505815310.0,384.11,382.69,358.19,348.7,3.63,402.27,247.85,-4.51,54.98,-1.4,20.2,45.7,0.18978877970365507,311790,118280720.0,0.84,True,73,74,⭐ 실버,6,🟢 6일 연속
MTLS,Materialise NV ADR,NASDAQ,소프트웨어,502957089.0,8.52,7.06,6.24,6.08,2.83,8.52,4.8,0.0,77.4,14.6,77.4,51.5,0.4219735349858482,181540,1409394.0,1.08,True,88,73,⭐ 실버,11,🟢 11일 연속
APA,APA Corporation,NASDAQ,"오일, 가스 탐사 및 생산",15068618445.0,43.06,41.04,38.04,35.0,5.78,47.41,21.66,-9.16,98.82,32.2,-1.5,74.4,0.4308542984882471,5607680,248470857.0,1.05,True,88,73,⭐ 실버,11,🟢 11일 연속
MGNI,Magnite  Inc.,NASDAQ,광고 및 마케팅,3343217100.0,23.31,22.84,17.36,16.68,6.22,25.63,11.2,-9.07,108.08,22.8,101.4,5.3,0.3878682183518647,2271397,55519820.0,1.08,True,87,73,⭐ 실버,11,🟢 11일 연속
FCX,Freeport-McMoRan Inc,NYSE,특수 채굴 및 금속,102459850266.0,71.34,69.88,65.11,63.15,5.05,79.91,35.75,-10.72,99.55,13.4,30.5,99.6,0.38293357239739867,11025225,799521628.0,1.02,True,87,73,⭐ 실버,11,🟢 11일 연속
YPF,YPF SA ADR,NYSE,"오일, 가스 정제 및 마케팅",20473166775.0,52.06,51.93,47.32,44.6,3.98,57.61,23.57,-9.63,120.87,14.5,12.9,99.8,0.3729680634840641,1322828,71933078.0,1.08,True,86,73,⭐ 실버,11,🟢 11일 연속
PRE,Prenetics Global Ltd,NASDAQ,"의료 장비, 물품 및 유통",394299649.0,22.94,21.7,19.66,19.14,5.8,26.25,11.79,-12.59,94.61,20.0,15.0,82.5,0.34698172410029204,188076,4543933.0,0.81,True,85,73,⭐ 실버,11,🟢 11일 연속
THC,Tenet Healthcare Corp,NYSE,의료 시설 및 서비스,20838719795.0,258.8,256.94,215.76,212.31,2.79,280.77,161.37,-7.82,60.38,38.3,37.7,28.1,0.3429547510312952,801420,209987951.0,0.93,True,84,73,⭐ 실버,2,🟢 2일 연속
MSGE,Madison Square Garden Entertainment Corp,NYSE,엔터테인먼트 제작,3803340814.0,80.4,78.95,70.67,67.44,4.58,88.42,41.77,-9.07,92.48,-0.6,41.9,77.5,0.3341930775654285,455884,35914606.0,0.94,True,84,73,⭐ 실버,3,🟢 3일 연속
ASML,ASML Holding N.V. ADR,NASDAQ,반도체 장비 및 테스트,672247979000.0,1747.93,1717.58,1611.68,1528.11,4.38,1989.44,936.19,-12.14,86.71,-12.1,39.4,83.7,0.32350304837845184,1271936,2138071733.0,0.82,True,84,73,⭐ 실버,5,🟢 5일 연속
PLXS,Plexus Corp,NASDAQ,전자 장비 및 부품,6974854308.0,261.7,253.33,247.64,229.62,4.84,303.82,132.74,-13.86,97.15,-13.0,35.6,82.7,0.3240991936408584,212355,52873119.0,0.72,True,84,73,⭐ 실버,5,🟢 5일 연속
PK,Park Hotels & Resorts Inc,NYSE,특수 REITs,3136025694.0,15.57,15.2,13.14,12.63,3.9,16.17,9.84,-3.71,58.23,9.3,47.3,35.2,0.2892418520997169,3295909,50145463.0,1.01,True,82,73,⭐ 실버,3,🟢 3일 연속
LFUS,Littelfuse  Inc.,NASDAQ,전자 장비 및 부품,10843487057.0,426.93,423.8,411.65,383.31,4.51,489.1,234.94,-12.71,81.72,-6.2,33.3,64.3,0.2960232702740304,181889,74807834.0,0.81,True,82,73,⭐ 실버,2,🟢 2일 연속
NVT,nVent Electric PLC,NYSE,전기 부품 및 장비,25847094279.0,159.25,156.91,149.42,139.32,3.71,184.34,94.99,-13.61,67.65,-6.1,41.2,64.2,0.29212222956668843,2516344,387888291.0,0.82,True,82,73,⭐ 실버,7,🟢 7일 연속
JXN,Jackson Financial Inc.,NYSE,복합보험 및 중개인,8990990766.0,132.75,131.07,116.31,115.4,3.51,140.63,90.62,-5.6,46.49,29.7,28.9,27.9,0.27753395274256654,872460,116945125.0,1.08,True,81,73,⭐ 실버,2,🟢 2일 연속
TXN,Texas Instruments Inc,NASDAQ,반도체,252019831429.0,275.85,270.84,263.09,246.71,4.11,332.28,153.33,-16.98,79.9,-7.5,48.0,49.5,0.27695273481401134,5839654,1541997636.0,0.78,True,81,73,⭐ 실버,2,🟢 2일 연속
IOSP,Innospec Inc,NASDAQ,특수 화학제,2441429379.0,99.12,91.87,82.41,82.06,2.56,99.12,65.89,0.0,50.43,21.8,35.4,27.8,0.26651144485003153,201163,18964047.0,1.02,True,80,73,⭐ 실버,9,🟢 9일 연속
INCY,Incyte Corp,NASDAQ,제약,25047360473.0,123.57,123.37,107.87,106.39,2.09,129.93,82.7,-4.89,49.42,9.0,36.8,49.4,0.2553312499002926,1465646,183150577.0,0.92,True,79,73,⭐ 실버,9,🟢 9일 연속
NEU,NewMarket Corporation,NYSE,상품 화학,8392548152.0,912.59,882.89,761.5,742.51,1.77,961.92,584.66,-5.13,56.09,15.3,45.3,9.9,0.22913346152719394,119019,105816037.0,0.89,True,76,73,⭐ 실버,9,🟢 9일 연속
LLY,Eli Lilly and Company,NYSE,제약,1117861514688.0,1187.15,1177.57,1077.48,1071.12,1.07,1280.34,724.54,-7.28,63.85,-1.0,33.9,63.8,0.21169313434024545,2248843,2589194564.0,0.81,True,75,73,⭐ 실버,3,🟢 3일 연속
IFF,International Flavors & Fragrances Inc.,NYSE,식품 가공,21794909839.0,85.42,83.33,77.54,75.96,2.46,88.07,59.55,-3.01,43.44,7.8,20.4,40.7,0.20662642374427503,1631072,138495790.0,0.77,True,74,73,⭐ 실버,10,🟢 10일 연속
SSL,Sasol Limited ADR,NYSE,다각적 화학 산업,8863011385.0,13.98,12.44,12.06,10.79,7.04,15.11,5.33,-7.48,162.29,42.4,6.6,122.6,0.6634593104370123,1995437,27597422.0,1.3,True,94,72,⭐ 실버,11,🟢 11일 연속
OBIO,Orchestra Biomed Holdings Inc,NASDAQ,첨단 의료 장비 및 기술,352383881.0,5.86,4.95,4.43,4.37,2.56,6.25,2.42,-6.2,142.26,35.9,44.0,142.3,0.5875339997214979,369465,2121653.0,1.38,True,93,72,⭐ 실버,9,🟢 9일 연속
TEN,Tsakos Energy Navigation Ltd,NYSE,오일 및 가스 수송 서비스,1424430057.0,47.28,42.99,40.13,36.44,6.49,52.81,21.04,-10.47,124.71,33.7,24.4,107.0,0.6178062732507491,513905,24690870.0,1.18,True,93,72,⭐ 실버,11,🟢 11일 연속
VIR,Vir Biotechnology  Inc.,NASDAQ,생명 공학 및 의학 연구,1760455141.0,10.4,9.99,9.66,8.93,5.84,11.63,5.12,-10.53,103.22,2.1,23.0,89.5,0.38030688692090786,2182092,23857190.0,1.06,True,87,72,⭐ 실버,11,🟢 11일 연속
SWKS,Skyworks Solutions  Inc.,NASDAQ,반도체,13167873153.0,87.56,72.32,66.7,65.43,2.54,91.45,52.5,-4.25,66.78,29.1,66.8,10.1,0.34311914274792016,8045908,658851006.0,1.43,True,85,72,⭐ 실버,10,🟢 10일 연속
SMFG,Sumitomo Mitsui Financial Group  Inc. ADR,NYSE,은행,335113658919.0,26.53,25.96,23.38,22.75,4.06,27.56,15.2,-3.74,74.54,12.5,39.5,55.7,0.3124994672146222,1362831,36231764.0,1.03,True,83,72,⭐ 실버,2,🟢 2일 연속
KN,Knowles Corporation,NYSE,전자 장비 및 부품,3152068081.0,36.9,36.29,33.83,31.41,4.45,42.8,20.67,-13.77,78.54,-11.0,50.1,58.1,0.309437283791715,655024,23272643.0,0.72,True,83,72,⭐ 실버,5,🟢 5일 연속
BBVA,Banco Bilbao Vizcaya Argentaria SA ADR,NYSE,은행,159673857166.0,28.64,28.25,24.63,24.45,3.19,29.64,18.04,-3.37,58.76,14.3,40.9,48.8,0.2838821985714265,1197743,34487540.0,1.01,True,81,72,⭐ 실버,11,🟢 11일 연속
EXEL,Exelixis Inc,NASDAQ,생명 공학 및 의학 연구,14448150461.0,58.33,55.61,50.43,48.73,3.08,59.13,34.54,-1.35,68.88,7.2,39.0,49.4,0.2580253280865726,2122871,122169249.0,1.02,True,79,72,⭐ 실버,11,🟢 11일 연속
PFG,Principal Financial Group Inc,NASDAQ,복합보험 및 중개인,24737650221.0,115.44,113.49,104.38,101.18,3.09,118.51,78.39,-2.59,47.26,7.1,30.8,39.7,0.22786889730997553,1520039,175324317.0,1.15,True,76,72,⭐ 실버,11,🟢 11일 연속
APLE,Apple Hospitality REIT Inc,NYSE,특수 REITs,3842245910.0,16.27,16.14,14.69,14.05,2.92,17.07,11.17,-4.66,45.7,-3.2,41.4,35.3,0.21098943823591954,2579791,40398375.0,0.98,True,75,72,⭐ 실버,2,🟢 2일 연속
HELP,Cybin Inc.,NASDAQ,생명 공학 및 의학 연구,965057475.0,12.27,11.3,7.34,7.29,10.33,14.02,3.87,-12.48,217.05,85.6,184.0,109.4,1.0235828603746802,1769990,22822461.0,1.2,True,97,71,⭐ 실버,8,🟢 8일 연속
MAKO,Mako Mining Corp,NASDAQ,금,837503729.0,9.56,9.38,8.14,7.77,6.45,11.07,5.02,-13.64,90.44,30.8,59.6,82.1,0.5204496118535407,187261,1902248.0,0.97,True,91,71,⭐ 실버,11,🟢 11일 연속
SB,Safe Bulkers  Inc.,NYSE,해양 화물 및 물류,937987818.0,8.24,8.17,7.12,6.67,5.73,9.18,4.14,-10.24,99.03,30.6,35.1,79.1,0.4926789637932103,1653628,14297799.0,1.17,True,90,71,⭐ 실버,1,🔥 NEW (1일)
VEON,VEON Ltd ADR,NASDAQ,무선 통신 서비스,4774146649.0,69.33,60.5,54.77,54.4,3.25,73.52,43.57,-5.7,59.12,32.8,54.8,31.8,0.36768383328744014,180995,12358311.0,1.26,True,86,71,⭐ 실버,11,🟢 11일 연속
DIOD,Diodes Incorporated,NASDAQ,반도체,4340603455.0,94.25,92.19,91.85,83.22,5.73,122.76,42.36,-23.22,122.51,-13.9,46.5,77.5,0.36664655704689253,515855,47350516.0,0.73,True,86,71,⭐ 실버,5,🟢 5일 연속
QRVO,Qorvo  Inc.,NASDAQ,반도체,10248707106.0,116.16,100.51,92.21,90.02,2.89,119.59,76.02,-2.87,52.8,24.5,52.8,24.9,0.3232863376607594,1450794,161865897.0,1.4,True,84,71,⭐ 실버,11,🟢 11일 연속
ORIC,ORIC Pharmaceuticals  Inc.,NASDAQ,생명 공학 및 의학 연구,1383762958.0,13.35,12.79,11.04,10.77,1.17,14.65,7.47,-8.87,78.6,23.3,9.5,20.1,0.2758511129276203,1408336,18055876.0,0.86,True,81,71,⭐ 실버,9,🟢 9일 연속
GSL,Global Ship Lease  Inc.,NYSE,해양 화물 및 물류,1592045474.0,44.26,43.97,40.68,39.54,2.63,46.4,27.41,-4.61,61.47,17.7,23.1,38.8,0.25029620978717837,275280,12424980.0,0.88,True,79,71,⭐ 실버,11,🟢 11일 연속
SHEL,Shell plc ADR,NYSE,통합 오일 및 가스,278565438620.0,97.32,91.99,88.12,84.77,2.5,98.95,70.31,-1.65,38.42,25.5,4.9,32.6,0.2444177606204342,6076792,576070139.0,1.07,True,78,71,⭐ 실버,11,🟢 11일 연속
TAK,Takeda Pharmaceutical Company Limited ADR,NYSE,제약,60072973611.0,18.81,17.94,17.3,17.09,2.6,19.05,13.23,-1.29,42.14,17.3,2.9,27.6,0.17057729119507842,2219587,41273765.0,0.94,True,71,71,⭐ 실버,10,🟢 10일 연속
EHC,Encompass Health Corporation,NYSE,의료 시설 및 서비스,12223647545.0,123.89,119.67,109.18,107.9,0.8,127.18,93.83,-2.59,32.04,22.6,27.0,-2.2,0.17036083062729662,812562,99214859.0,0.9,True,71,71,⭐ 실버,1,🔥 NEW (1일)
UFCS,United Fire Group Inc,NASDAQ,손해보험,1375755095.0,53.52,53.51,46.84,44.27,4.25,56.1,30.03,-4.6,78.22,2.1,43.8,73.9,0.33724951177572304,155167,8467254.0,1.02,True,84,70,⭐ 실버,1,🔥 NEW (1일)
GBTG,Global Business Travel Group  Inc.,NYSE,온라인 서비스,4959935841.0,9.49,9.45,8.21,7.92,2.58,9.51,4.97,-0.16,91.05,1.1,75.8,16.6,0.23320591822051925,2400471,22737604.0,1.06,True,77,70,⭐ 실버,11,🟢 11일 연속
EGBN,Eagle Bancorp  Inc.,NASDAQ,은행,870012589.0,28.54,27.94,26.88,26.13,3.75,29.13,15.8,-2.03,80.63,0.5,16.3,36.8,0.17771544330296224,296560,8304322.0,0.86,True,72,70,⭐ 실버,2,🟢 2일 연속
LXFR,Luxfer Holdings PLC,NYSE,산업용 기계 및 장비,466172633.0,17.27,17.12,15.67,15.42,3.26,19.08,11.51,-9.49,50.04,-4.3,44.8,23.4,0.16465018870372447,393118,6778956.0,0.32,True,70,70,⭐ 실버,1,🔥 NEW (1일)
VBNK,Versabank,NASDAQ,은행,741746411.0,22.99,20.67,18.65,17.85,6.05,23.72,11.26,-3.08,104.17,-0.9,65.8,80.2,0.39459353905630684,158661,3510082.0,1.19,True,87,69,⚪ 일반,11,🟢 11일 연속
EOLS,Evolus Inc,NASDAQ,제약,523779989.0,7.93,7.7,6.35,6.15,2.31,9.3,3.94,-14.73,101.27,14.3,101.3,32.4,0.35422825464639274,737325,6195668.0,0.93,True,85,69,⚪ 일반,11,🟢 11일 연속
TSAT,Telesat Corp,NASDAQ,무선 통신 서비스,2444425272.0,47.41,46.21,44.9,41.11,5.47,61.4,23.58,-22.79,101.06,-6.3,40.9,87.7,0.35674226029368405,119077,5650529.0,0.82,True,85,69,⚪ 일반,11,🟢 11일 연속
SSRM,SSR Mining Inc.,NASDAQ,금,6872877896.0,34.12,33.24,30.88,29.22,5.42,39.21,19.48,-12.97,75.18,20.7,30.2,41.4,0.32060212487607836,2386704,87180923.0,0.99,True,84,69,⚪ 일반,11,🟢 11일 연속
AII,American Integrity Insurance Group Inc,NYSE,손해보험,493558426.0,25.19,23.68,20.25,20.01,2.19,26.77,16.36,-5.9,53.97,33.8,30.8,14.6,0.2706911393638446,220674,5741360.0,1.04,True,80,69,⚪ 일반,10,🟢 10일 연속
CVX,Chevron Corporation,NYSE,통합 오일 및 가스,410318299328.0,207.88,201.49,192.21,185.54,3.21,217.77,146.75,-4.54,41.65,25.4,-1.3,29.8,0.23565183719685723,9963338,2087752329.0,1.08,True,77,69,⚪ 일반,11,🟢 11일 연속
XOM,Exxonmobil Holdings Corp,NYSE,"오일, 가스 정제 및 마케팅",670077173002.0,163.08,159.74,153.59,148.22,3.18,171.47,110.64,-4.89,47.4,19.3,-4.9,39.1,0.21941210455160526,14136721,2300434576.0,1.04,True,76,69,⚪ 일반,11,🟢 11일 연속
IEX,IDEX Corporation,NYSE,산업용 기계 및 장비,16984326839.0,230.39,229.14,215.62,209.87,2.65,240.52,160.84,-4.21,43.24,1.5,25.6,42.8,0.19829547641031187,542124,121818975.0,0.87,True,74,69,⚪ 일반,2,🟢 2일 연속
ARGX,argenx SE ADR,NASDAQ,생명 공학 및 의학 연구,60121457655.0,960.91,950.74,854.83,849.79,1.03,1058.9,663.93,-9.25,44.73,3.6,36.4,35.0,0.18466606370170752,232877,230900152.0,0.82,True,73,69,⚪ 일반,9,🟢 9일 연속
VRTX,Vertex Pharmaceuticals Incorporated,NASDAQ,제약,133989582863.0,528.64,515.17,475.51,472.31,1.96,557.96,385.74,-5.25,37.05,6.4,19.3,37.0,0.16676847177329684,1003674,527683712.0,0.85,True,71,69,⚪ 일반,1,🔥 NEW (1일)
AME,AMETEK Inc,NYSE,전기 부품 및 장비,57280921813.0,249.79,242.83,233.34,229.31,1.92,258.52,179.28,-3.38,39.33,3.2,19.9,34.0,0.160419383474022,1429988,340999025.0,0.94,True,70,69,⚪ 일반,2,🟢 2일 연속
APH,Amphenol Corp,NYSE,전자 장비 및 부품,203812165442.0,82.61,80.52,74.6,73.77,1.67,88.16,59.58,-6.3,38.67,-6.3,38.7,34.8,0.1621189365345373,11787103,950809658.0,0.9,True,70,69,⚪ 일반,3,🟢 3일 연속
ROIV,Roivant Sciences Ltd,NASDAQ,제약,26393682968.0,36.57,36.47,32.09,29.88,6.18,41.81,15.1,-12.53,142.19,3.3,38.5,141.1,0.5014282933817048,10532111,401622285.0,1.16,True,90,68,⚪ 일반,1,🔥 NEW (1일)
HAFN,Hafnia Limited,NYSE,오일 및 가스 수송 서비스,4636037138.0,9.27,8.31,7.96,7.45,4.28,10.12,5.21,-8.35,78.02,39.7,24.2,48.9,0.4502519700405023,2806887,25756199.0,1.28,True,89,68,⚪ 일반,11,🟢 11일 연속
HPQ,HP Inc,NYSE,컴퓨터 하드웨어,28144896142.0,31.18,30.03,24.31,23.5,3.57,35.48,18.2,-12.12,71.32,42.1,63.7,16.7,0.3973788868060002,16029217,525502706.0,1.14,True,87,68,⚪ 일반,11,🟢 11일 연속
LSCC,Lattice Semiconductor Corporation,NASDAQ,반도체,17498129510.0,122.96,121.39,120.62,111.4,4.34,155.27,61.73,-20.81,99.18,-19.6,44.1,72.3,0.2772102482126705,1593641,182577333.0,0.77,True,81,68,⚪ 일반,5,🟢 5일 연속
SDRL,Seadrill Limited,NYSE,오일 및 가스 시추,2901547707.0,46.39,46.26,45.56,43.34,4.08,54.8,28.4,-15.34,63.36,22.7,3.2,47.8,0.2740419057992671,543748,26141362.0,0.99,True,80,68,⚪ 일반,1,🔥 NEW (1일)
AMGN,Amgen Inc,NASDAQ,제약,224570425397.0,415.29,405.68,369.29,362.63,1.88,444.12,272.98,-6.49,52.13,14.7,19.0,52.1,0.25046039035880785,3008729,1201023309.0,1.03,True,79,68,⚪ 일반,5,🟢 5일 연속
BBY,Best Buy Co.  Inc.,NYSE,컴퓨터 및 전자 제품 소매,18583971320.0,88.5,87.37,74.09,72.66,1.99,94.83,55.52,-6.68,59.4,16.6,38.5,16.2,0.23018786104134514,3796471,340324696.0,1.03,True,77,68,⚪ 일반,11,🟢 11일 연속
MET,MetLife  Inc.,NYSE,생명 및 건강 보험,61387071148.0,96.6,96.33,85.04,83.49,2.45,99.95,67.7,-3.35,42.69,14.2,41.5,18.4,0.21698202380376724,2962561,287114225.0,1.05,True,76,68,⚪ 일반,4,🟢 4일 연속
PRSU,Pursuit Attractions and Hospitality  Inc.,NYSE,여가 및 오락시설,1345758691.0,49.36,49.16,45.22,42.72,3.53,55.97,32.28,-11.81,52.91,-11.8,38.6,34.9,0.18795262259305773,232043,11249182.0,0.84,True,73,68,⚪ 일반,2,🟢 2일 연속
SANM,Sanmina Corporation,NASDAQ,전자 장비 및 부품,11667340441.0,217.68,201.31,197.79,187.34,2.58,282.72,113.59,-23.01,91.64,-14.0,75.5,90.8,0.35866624941321545,576346,117788770.0,0.85,True,86,67,⚪ 일반,5,🟢 5일 연속
SXC,SunCoke Energy Inc,NYSE,철 및 강철,808857321.0,9.53,9.51,8.08,7.96,4.32,10.57,5.67,-9.84,68.08,18.4,44.8,16.2,0.2603672420214825,889106,8784494.0,0.87,True,79,67,⚪ 일반,11,🟢 11일 연속
EGY,VAALCO Energy Inc,NYSE,"오일, 가스 탐사 및 생산",618538174.0,5.88,5.77,5.71,5.34,4.84,6.67,3.37,-11.84,74.48,15.7,-10.0,38.4,0.25969565692362084,1360843,8295683.0,0.98,True,79,67,⚪ 일반,10,🟢 10일 연속
IDT,IDT Corporation,NYSE,통합 통신 서비스,1684721004.0,67.75,67.35,57.78,55.86,3.51,71.02,46.64,-4.61,45.25,16.5,38.2,8.3,0.21951845476828155,257816,17808862.0,1.05,True,76,67,⚪ 일반,11,🟢 11일 연속
FDMT,4D Molecular Therapeutics Inc,NASDAQ,생명 공학 및 의학 연구,780324480.0,14.12,13.15,10.95,10.38,3.7,16.76,7.19,-15.72,96.45,6.2,64.8,68.4,0.4456148770691205,913804,13302764.0,1.04,True,89,66,⚪ 일반,11,🟢 11일 연속
NMAX,Newsmax Inc.,NYSE,방송,1422058701.0,10.99,9.82,8.07,7.93,3.41,13.04,5.16,-15.72,112.98,32.7,113.0,-13.2,0.38402243866242336,1221748,13160545.0,1.02,True,87,66,⚪ 일반,6,🟢 6일 연속
NVGS,Navigator Holdings Ltd.,NYSE,오일 및 가스 수송 서비스,1423565890.0,23.15,22.21,21.42,20.59,2.78,25.06,14.4,-7.62,60.76,24.3,21.1,44.5,0.29771571221953547,457347,10804527.0,1.06,True,82,66,⚪ 일반,11,🟢 11일 연속
HPK,Highpeak Energy Inc,NASDAQ,"오일, 가스 탐사 및 생산",988860927.0,7.82,7.76,7.06,6.45,3.29,8.64,3.89,-9.49,101.03,11.9,2.8,7.7,0.2347188541836117,509661,4165854.0,0.99,True,77,66,⚪ 일반,1,🔥 NEW (1일)
PAYO,Payoneer Global Inc,NASDAQ,경영 지원 서비스,2421089223.0,7.14,7.12,6.02,5.95,2.62,7.18,4.27,-0.49,67.33,0.4,49.8,12.9,0.17699830469450561,2907739,20733654.0,1.08,True,72,66,⚪ 일반,3,🟢 3일 연속
LTC,LTC Properties  Inc.,NYSE,특수 REITs,2321173543.0,43.06,41.21,39.28,38.51,1.72,43.5,33.98,-1.01,26.72,12.0,15.4,17.6,0.1659896355008514,607162,25793344.0,1.04,True,71,66,⚪ 일반,1,🔥 NEW (1일)
COP,ConocoPhillips,NYSE,"오일, 가스 탐사 및 생산",153200562009.0,127.58,127.39,121.26,115.94,3.88,141.22,85.66,-9.66,48.94,22.7,-4.0,29.5,0.22072937507247456,6697608,891098394.0,1.06,True,76,65,⚪ 일반,4,🟢 4일 연속
CRGY,Crescent Energy Company,NYSE,"오일, 가스 탐사 및 생산",4367903821.0,13.23,12.82,12.21,11.42,4.21,15.37,7.75,-13.92,70.71,34.7,-2.3,35.4,0.32587747859234967,6601295,92451300.0,1.08,True,84,64,⚪ 일반,11,🟢 11일 연속
RIOT,Riot Platforms  Inc.,NASDAQ,블록 체인 및 암호화폐,8206912908.0,21.88,21.08,20.57,19.24,3.81,28.69,11.83,-23.75,84.91,-20.1,84.9,23.7,0.26223453366421806,15714928,345307580.0,0.79,True,79,64,⚪ 일반,8,🟢 8일 연속
ENTG,Entegris Inc,NASDAQ,반도체 장비 및 테스트,22380616000.0,146.32,139.7,138.41,130.81,4.78,184.0,68.8,-20.48,112.67,-18.6,34.7,57.2,0.24835199562271512,2028186,280683146.0,0.75,True,78,64,⚪ 일반,7,🟢 7일 연속
BGC,Bgc Group Inc,NASDAQ,투자 은행 및 중개 서비스,5612882292.0,11.81,11.63,11.03,10.54,3.3,12.65,8.31,-6.68,42.06,10.4,23.7,24.7,0.1982551450050395,3519712,42678122.0,1.02,True,74,64,⚪ 일반,4,🟢 4일 연속
NTCT,NetScout Systems  Inc.,NASDAQ,IT 서비스 및 컨설팅,2852671386.0,39.24,39.06,37.26,34.91,3.39,44.84,25.47,-12.5,54.04,-9.9,25.7,52.1,0.19761943320189,646759,24708303.0,0.74,True,74,64,⚪ 일반,4,🟢 4일 연속
BP,BP PLC ADR,NYSE,"오일, 가스 정제 및 마케팅",117496168881.0,44.92,43.72,43.2,41.44,2.07,47.63,32.78,-5.7,37.02,21.6,-5.1,25.8,0.18975900318605626,9592095,428172303.0,1.08,True,73,64,⚪ 일반,1,🔥 NEW (1일)
GPRK,GeoPark Ltd,NYSE,"오일, 가스 탐사 및 생산",702172047.0,10.82,10.34,9.81,9.29,3.78,11.97,5.96,-9.61,81.54,18.9,11.4,58.0,0.31204140263911456,1340159,15460717.0,1.39,True,83,63,⚪ 일반,11,🟢 11일 연속
SLDE,Slide Insurance Holdings  Inc.,NASDAQ,손해보험,2697182592.0,23.09,22.65,19.83,19.27,4.26,26.48,14.38,-12.8,60.57,19.2,28.1,54.3,0.282661282179409,1508869,37184538.0,1.01,True,81,63,⚪ 일반,11,🟢 11일 연속
RUSHB,Rush Enterprises  Inc. Class B,NASDAQ,"자동차 차량, 부품 및 서비스 소매",1370252276.0,54.78,52.25,47.88,45.93,4.05,57.0,31.96,-3.9,71.39,7.4,28.9,42.3,0.25793026468804464,224065,12171935.0,1.17,True,79,63,⚪ 일반,11,🟢 11일 연속
TITN,Titan Machinery Inc,NASDAQ,중장비 및 차량,543374592.0,23.09,20.67,19.86,19.11,3.87,26.22,14.15,-11.94,63.18,9.3,41.7,35.3,0.2908116786144449,303157,7118823.0,1.29,True,82,62,⚪ 일반,11,🟢 11일 연속
NMR,Nomura Holdings  Inc. ADR,NYSE,투자 은행 및 중개 서비스,29372052102.0,10.05,10.0,8.92,8.9,3.35,10.86,6.73,-7.46,49.33,14.5,31.9,33.1,0.2268646908957388,736478,7620038.0,1.04,True,76,62,⚪ 일반,2,🟢 2일 연속
CNH,CNH Industrial N.V.,NYSE,중장비 및 차량,16133757863.0,13.02,11.9,11.14,11.05,3.63,14.4,9.22,-9.55,41.27,16.0,25.2,19.7,0.22980019396865917,24934168,329795147.0,1.19,True,77,61,⚪ 일반,11,🟢 11일 연속
LNG,Cheniere Energy  Inc.,NYSE,오일 및 가스 수송 서비스,56315668862.0,272.83,271.92,259.28,245.32,2.92,296.91,188.83,-8.11,44.48,14.2,-7.1,14.4,0.15951793443837828,2233197,622551086.0,1.06,True,70,60,⚪ 일반,1,🔥 NEW (1일)
DVN,Devon Energy Corporation,NYSE,"오일, 가스 탐사 및 생산",52079500000.0,47.39,46.75,46.22,44.41,2.86,52.07,31.74,-8.99,49.31,14.7,-8.0,28.1,0.16467073176286462,12968767,632426149.0,1.05,True,70,60,⚪ 일반,1,🔥 NEW (1일)
ROG,Rogers Corporation,NYSE,반도체,2417853751.0,135.18,130.77,129.86,121.99,4.17,167.09,75.56,-19.09,78.91,-17.4,27.5,68.9,0.2099571437337207,210239,27637533.0,0.87,True,75,59,⚪ 일반,5,🟢 5일 연속
NPK,National Presto Industries Inc,NYSE,항공우주 및 방위,1028449976.0,144.12,141.79,136.65,131.93,4.23,156.8,91.59,-8.09,57.35,15.3,8.8,28.0,0.20049242182133192,110590,16492723.0,1.08,True,74,59,⚪ 일반,11,🟢 11일 연속
RUM,RUM Group Inc.,NASDAQ,온라인 서비스,3164150875.0,7.91,7.68,6.91,6.75,3.04,10.23,4.67,-22.68,69.38,24.8,69.4,10.8,0.2965616533588261,5742479,48226410.0,1.13,True,82,58,⚪ 일반,10,🟢 10일 연속
ZLAB,Zai Lab Ltd ADR,NASDAQ,제약,2949819168.0,25.92,23.79,20.92,20.24,2.64,34.44,16.3,-24.72,59.05,36.4,45.2,-18.0,0.283113724297973,833780,21221541.0,1.02,True,81,57,⚪ 일반,1,🔥 NEW (1일)
GRDN,Guardian Pharmacy Services  Inc.,NYSE,의약품 소매,2589433388.0,40.8,40.79,38.81,36.91,3.84,48.0,23.41,-15.01,74.27,-2.6,9.5,56.9,0.18794318821310357,712573,31087529.0,1.07,True,73,55,⚪ 일반,11,🟢 11일 연속
CVLT,Commvault Systems  Inc.,NASDAQ,소프트웨어,6051113567.0,146.17,137.71,116.5,114.98,1.51,193.03,75.18,-24.28,94.43,3.1,94.4,-23.2,0.1826840181964073,532856,74821344.0,0.9,True,73,55,⚪ 일반,5,🟢 5일 연속
TLX,Telix Pharmaceuticals Limited ADR,NASDAQ,생명 공학 및 의학 연구,3927475390.0,11.56,11.34,10.29,9.62,2.37,12.83,6.41,-9.94,80.27,0.2,29.0,15.8,0.1781503614552145,446410,5277100.0,1.35,True,72,53,⚪ 일반,1,🔥 NEW (1일)
