code,name,market,marcap,close,ma50,ma150,ma200,ma200_slope_pct,52w_high,52w_low,pct_from_52w_high,pct_above_52w_low,roc_3m,roc_6m,roc_12m,ibd_raw_score,avg_trading_val_20d,vcp_ratio,passed_trend_template,rs_rating,sepa_score,sepa_grade,foreign_5d,organ_5d,foreign_20d,organ_20d,foreign_hold_ratio,consec_organ_sell,trust_20d,pef_20d,consecutive_days,status_label
222800,심텍,KOSDAQ,6434612747200,170200,116712.0,99806.7,87794.0,10.36,170200,33100,0.0,414.2,36.5,258.7,414.2,1.972535795080577,988.2,0.82,True,97,97,👑 다이아,632.2,-392.0,597.6,261.9,13.57%,1,,,13,🟢 13일 연속
144960,뉴파워프라즈마,KOSDAQ,576742636800,13230,10262.6,8347.1,7684.1,7.36,13230,4760,0.0,177.94,85.3,164.9,137.9,1.2556516347396585,109.4,0.7,True,94,92,👑 다이아,49.5,-3.8,140.1,-6.2,10.56%,2,,,7,🟢 7일 연속
036930,주성엔지니어링,KOSDAQ,11016025677000,239500,176510.0,149334.7,120940.2,17.28,250500,26450,-4.39,805.48,5.3,294.6,673.8,3.474729144728684,2891.7,0.96,True,98,90,👑 다이아,637.0,685.3,281.8,2659.7,9.51%,0,,,13,🟢 13일 연속
131290,티에스이,KOSDAQ,3213345124500,292500,241184.0,199033.3,166644.0,14.61,306500,46100,-4.57,534.49,18.9,176.7,529.7,2.2733301401102626,385.8,0.88,True,98,89,💎 골드,108.0,74.2,-1002.6,1182.1,9.60%,0,,,10,🟢 10일 연속
119850,지엔씨에너지,KOSDAQ,880016631500,53400,48126.0,36338.5,35927.6,5.46,56400,18350,-5.32,191.01,96.0,73.9,57.1,0.7827621115745075,333.5,0.83,True,90,89,💎 골드,41.0,-132.6,37.3,63.5,8.57%,3,,,13,🟢 13일 연속
000500,가온전선,KOSPI,9796832703000,327500,210954.0,166417.9,136857.0,20.71,327500,29840,0.0,997.52,17.0,504.5,888.9,4.046251849422829,891.0,1.07,True,99,88,💎 골드,26.3,94.8,1108.1,501.4,2.69%,0,,,13,🟢 13일 연속
252990,샘씨엔에스,KOSDAQ,1191712023310,19920,14609.0,12944.1,11762.9,8.79,20300,6140,-1.87,224.43,61.4,127.4,224.4,1.3566765528832803,133.8,0.92,True,94,88,💎 골드,67.1,-7.3,147.9,80.2,9.72%,3,,,13,🟢 13일 연속
064290,인텍플러스,KOSDAQ,765792859800,59100,38331.0,32947.2,28490.3,14.51,59100,11110,0.0,431.95,29.0,251.6,227.8,1.7778635072564035,210.9,1.07,True,96,87,💎 골드,123.9,-131.8,363.6,-40.8,5.32%,1,,,13,🟢 13일 연속
031980,피에스케이홀딩스,KOSDAQ,4174479672000,193600,130472.0,122064.0,106251.8,12.34,194000,40800,-0.21,374.51,37.6,103.4,336.5,1.6646515927161074,314.2,1.02,True,96,87,💎 골드,173.5,-117.6,223.4,-29.5,6.91%,3,,,13,🟢 13일 연속
327260,RF머트리얼즈,KOSDAQ,944338920000,53200,36541.3,36220.7,30668.5,12.97,59463,6302,-10.53,744.18,117.8,74.3,744.2,2.7781644481087535,502.2,0.99,True,98,86,💎 골드,-6.6,67.6,-269.0,331.7,8.88%,0,,,2,🟢 2일 연속
089860,롯데렌탈,KOSPI,1873564420800,51400,45792.0,36503.3,35242.8,5.23,51400,27300,0.0,88.28,69.1,68.0,72.2,0.6779021116072278,40.2,0.78,True,86,86,💎 골드,19.0,-23.1,-28.3,27.2,6.25%,3,,,13,🟢 13일 연속
095610,테스,KOSDAQ,3434464000000,178400,142716.0,123123.3,105712.8,11.6,217500,36500,-17.98,388.77,0.3,222.0,315.4,1.7348509919132058,578.4,0.74,True,96,85,💎 골드,-118.6,372.1,-822.4,1948.8,7.84%,1,,,2,🟢 2일 연속
010950,S-Oil,KOSPI,18711260030400,164900,145632.0,125792.7,117342.5,6.51,165900,57800,-0.6,185.29,51.0,56.6,180.9,0.8716885952291973,654.6,1.02,True,91,84,💎 골드,423.6,166.7,1015.9,241.3,79.82%,0,,,13,🟢 13일 연속
098120,마이크로컨텍솔,KOSDAQ,502091066400,60600,39358.8,32802.9,29465.7,12.41,60600,15910,0.0,280.89,167.0,124.4,197.1,1.7917468220438368,89.2,1.25,True,96,82,💎 골드,2.0,13.9,113.3,27.4,17.42%,0,,,1,🔥 NEW (1일)
005930,삼성전자,KOSPI,1613572895808000,276000,256810.0,255103.3,226708.5,7.83,362500,79700,-23.86,246.3,-3.5,65.1,242.9,0.8969390769721193,44334.0,0.58,True,92,79,⭐ 실버,-32048.2,-8336.8,-46921.1,42796.8,46.41%,0,,,6,🟢 6일 연속
096530,씨젠,KOSDAQ,1724499433800,36750,31204.0,27978.0,27325.0,2.91,37050,21850,-0.81,68.19,26.9,68.2,41.3,0.42623776981362393,91.9,0.76,True,78,78,⭐ 실버,108.0,18.6,244.6,-2.2,22.91%,1,,,13,🟢 13일 연속
001820,삼화콘덴서,KOSPI,1626817500000,157800,108318.0,92975.7,77822.2,15.72,190100,28300,-16.99,457.6,29.1,204.0,371.0,2.093053779434979,1501.9,1.1,True,97,76,⭐ 실버,383.0,-41.3,610.8,250.7,8.58%,1,,,7,🟢 7일 연속
028670,팬오션,KOSPI,3335713754880,6250,5727.6,5444.7,5173.7,4.06,6380,3550,-2.04,76.06,25.8,27.7,50.2,0.3765235004197456,176.8,0.94,True,76,76,⭐ 실버,67.1,128.0,-1.2,250.5,17.48%,0,,,2,🟢 2일 연속
281820,케이씨텍,KOSPI,1821476812000,92100,71474.0,68099.7,61532.2,6.06,117500,35350,-21.62,160.54,-18.6,109.8,139.2,0.6942590629245252,150.6,0.69,True,87,74,⭐ 실버,-73.6,21.5,104.7,-16.4,13.30%,0,,,2,🟢 2일 연속
001450,현대해상,KOSPI,4070603937500,47650,46176.0,37767.7,35790.5,5.96,53500,26450,-10.93,80.15,32.4,58.0,65.5,0.48787136620817484,215.4,0.88,True,81,73,⭐ 실버,85.3,-37.6,304.7,-88.8,39.43%,2,,,13,🟢 13일 연속
094800,맵스리얼티,KOSPI,730606184970,7870,7006.6,6570.1,6290.7,3.85,7980,4935,-1.38,59.47,46.8,14.7,58.4,0.43326922199252993,10.7,0.96,True,78,73,⭐ 실버,7.0,6.1,77.4,30.0,3.83%,0,,,13,🟢 13일 연속
096770,SK이노베이션,KOSPI,26034129352000,151300,129744.0,121238.0,118297.0,2.23,158900,89500,-4.78,69.05,60.8,39.2,41.8,0.49005941654395113,1469.9,1.1,True,81,72,⭐ 실버,1143.3,-361.9,3389.9,932.9,16.45%,0,,,13,🟢 13일 연속
122640,예스티,KOSDAQ,723154255000,33850,27260.2,27155.3,25221.3,5.6,39850,15750,-15.06,114.92,2.6,78.3,63.9,0.4961434106749415,112.3,0.74,True,81,72,⭐ 실버,47.8,-25.7,31.5,61.4,5.93%,2,,,6,🟢 6일 연속
181710,NHN,KOSPI,1845983901500,57300,56242.0,44780.7,41546.8,6.73,75200,25700,-23.8,122.96,64.2,52.4,109.1,0.7636885315702856,121.7,0.83,True,89,71,⭐ 실버,64.2,-62.6,334.4,-477.0,14.70%,0,,,2,🟢 2일 연속
083450,GST,KOSDAQ,987848000000,53900,45753.0,44736.7,40432.0,5.27,66500,21800,-18.95,147.25,11.5,117.3,138.0,0.7244488995921166,66.9,0.79,True,88,70,⭐ 실버,-44.3,132.1,-51.6,163.5,22.64%,0,,,2,🟢 2일 연속
101160,월덱스,KOSDAQ,544862769000,33100,29572.0,29519.7,28023.0,2.86,34950,21150,-5.29,56.5,18.6,12.4,35.1,0.2732135536208014,13.9,0.74,True,71,69,⚪ 일반,11.2,14.5,24.1,41.7,20.99%,0,,,2,🟢 2일 연속
161890,한국콜마,KOSPI,3224453518200,137100,131476.0,101504.7,92675.0,9.4,161700,61100,-15.21,124.39,20.6,80.4,70.7,0.62612675655486,425.6,0.91,True,84,68,⚪ 일반,-92.5,-190.2,358.2,-281.3,40.76%,1,,,13,🟢 13일 연속
192820,코스맥스,KOSPI,3064367430000,271000,247904.0,204876.0,199133.0,5.8,303000,144900,-10.56,87.03,62.0,37.9,17.1,0.48031720492122637,270.2,1.04,True,80,68,⚪ 일반,-57.9,121.6,-259.2,469.3,35.29%,0,,,13,🟢 13일 연속
059090,미코,KOSDAQ,798660994200,23950,18324.0,18158.9,17285.8,3.95,27900,11910,-14.16,101.09,41.3,90.7,47.5,0.6041159938930913,82.8,0.97,True,84,67,⚪ 일반,-40.4,129.8,-15.2,186.6,23.39%,0,,,2,🟢 2일 연속
041960,코미팜,KOSDAQ,737227825880,9890,8892.6,8507.5,8258.4,4.35,10310,5890,-4.07,67.91,25.7,17.2,47.4,0.322694807998647,23.1,0.99,True,74,67,⚪ 일반,-1.4,-0.4,-5.5,-0.4,4.51%,1,,,8,🟢 8일 연속
007340,DN오토모티브,KOSPI,2925543250000,50500,46301.0,41431.7,37639.5,6.6,62800,22100,-19.59,128.51,33.4,32.4,106.5,0.606821292309351,57.5,0.75,True,84,66,⚪ 일반,22.3,15.3,-98.7,151.9,5.77%,1,,,8,🟢 8일 연속
005830,DB손해보험,KOSPI,11973463797200,182500,178190.0,167838.0,160458.5,3.97,205500,119300,-11.19,52.98,25.4,11.4,31.4,0.2707150067406294,401.6,0.86,True,70,65,⚪ 일반,1.2,-14.6,-733.6,640.7,43.31%,2,,,13,🟢 13일 연속
088350,한화생명,KOSPI,4629264900000,5320,5292.0,4999.2,4632.7,6.25,6600,2940,-19.39,80.95,20.9,20.1,57.4,0.3492667842586662,256.1,0.99,True,75,59,⚪ 일반,-51.7,-3.8,-102.1,133.1,8.72%,0,,,1,🔥 NEW (1일)
